TIMESTAMP,CYCLE,STATUS,COHERENCE_%,EVENT_TYPE,RECOVERY_DURATION,LIVE_FEED_DATA
13:35:23,1,OPTIMAL SYNC,100,NORMAL,,
13:35:23,2,OPTIMAL SYNC,100,NORMAL,,
13:35:23,3,OPTIMAL SYNC,100,NORMAL,,
13:35:23,4,OPTIMAL SYNC,100,NORMAL,,
13:35:23,5,RECOVERING...,38,CHAOS_HIT,,[S&P 500] MACRO DROP DETECTED: -3.03%
13:35:23,6,RECOVERING...,39,NORMAL,,
13:35:23,7,RECOVERING...,41,NORMAL,,
13:35:23,8,RECOVERING...,42,NORMAL,,
13:35:23,9,RECOVERING...,2,CHAOS_HIT,,[NOAA] CLASS-X SOLAR FLARE: 387 MeV
13:35:23,10,RECOVERING...,3,NORMAL,,
13:35:23,11,RECOVERING...,5,NORMAL,,
13:35:23,12,RECOVERING...,6,NORMAL,,
13:35:23,13,RECOVERING...,7,NORMAL,,
13:35:23,14,RECOVERING...,9,NORMAL,,
13:35:23,15,RECOVERING...,10,NORMAL,,
13:35:23,16,RECOVERING...,11,NORMAL,,
13:35:23,17,RECOVERING...,13,NORMAL,,
13:35:24,18,RECOVERING...,14,NORMAL,,
13:35:24,19,RECOVERING...,16,NORMAL,,
13:35:24,20,RECOVERING...,17,NORMAL,,
13:35:24,21,RECOVERING...,18,NORMAL,,
13:35:24,22,RECOVERING...,20,NORMAL,,
13:35:24,23,RECOVERING...,21,NORMAL,,
13:35:24,24,RECOVERING...,22,NORMAL,,
13:35:24,25,RECOVERING...,24,NORMAL,,
13:35:24,26,RECOVERING...,25,NORMAL,,
13:35:24,27,RECOVERING...,26,NORMAL,,
13:35:24,28,RECOVERING...,27,NORMAL,,
13:35:24,29,RECOVERING...,28,NORMAL,,
13:35:24,30,RECOVERING...,29,NORMAL,,
13:35:24,31,RECOVERING...,31,NORMAL,,
13:35:24,32,RECOVERING...,32,NORMAL,,
13:35:24,33,RECOVERING...,33,NORMAL,,
13:35:24,34,RECOVERING...,34,NORMAL,,
13:35:24,35,RECOVERING...,35,NORMAL,,
13:35:24,36,RECOVERING...,36,NORMAL,,
13:35:24,37,RECOVERING...,37,NORMAL,,
13:35:24,38,RECOVERING...,38,NORMAL,,
13:35:24,39,RECOVERING...,40,NORMAL,,
13:35:24,40,RECOVERING...,41,NORMAL,,
13:35:24,41,RECOVERING...,42,NORMAL,,
13:35:24,42,RECOVERING...,43,NORMAL,,
13:35:24,43,RECOVERING...,45,NORMAL,,
13:35:24,44,RECOVERING...,46,NORMAL,,
13:35:24,45,RECOVERING...,48,NORMAL,,
13:35:24,46,RECOVERING...,49,NORMAL,,
13:35:24,47,RECOVERING...,50,NORMAL,,
13:35:24,48,RECOVERING...,52,NORMAL,,
13:35:24,49,RECOVERING...,53,NORMAL,,
13:35:24,50,RECOVERING...,54,NORMAL,,
13:35:24,51,RECOVERING...,56,NORMAL,,
13:35:24,52,RECOVERING...,57,NORMAL,,
13:35:24,53,RECOVERING...,59,NORMAL,,
13:35:24,54,RECOVERING...,60,NORMAL,,
13:35:24,55,RECOVERING...,61,NORMAL,,
13:35:24,56,RECOVERING...,63,NORMAL,,
13:35:24,57,RECOVERING...,64,NORMAL,,
13:35:24,58,RECOVERING...,18,CHAOS_HIT,,[NOAA] CLASS-X SOLAR FLARE: 133 MeV
13:35:24,59,RECOVERING...,19,NORMAL,,
13:35:24,60,RECOVERING...,20,NORMAL,,
13:35:24,61,RECOVERING...,21,CHAOS_HIT,,[S&P 500] MACRO DROP DETECTED: -1.53%
13:35:24,62,RECOVERING...,23,NORMAL,,
13:35:24,63,RECOVERING...,24,NORMAL,,
13:35:24,64,RECOVERING...,25,NORMAL,,
13:35:24,65,RECOVERING...,26,NORMAL,,
13:35:24,66,RECOVERING...,27,NORMAL,,
13:35:24,67,RECOVERING...,28,NORMAL,,
13:35:24,68,RECOVERING...,29,NORMAL,,
13:35:24,69,RECOVERING...,30,NORMAL,,
13:35:25,70,RECOVERING...,31,NORMAL,,
13:35:25,71,RECOVERING...,33,NORMAL,,
13:35:25,72,RECOVERING...,34,NORMAL,,
13:35:25,73,RECOVERING...,35,NORMAL,,
13:35:25,74,RECOVERING...,37,NORMAL,,
13:35:25,75,RECOVERING...,38,NORMAL,,
13:35:25,76,RECOVERING...,39,NORMAL,,
13:35:25,77,RECOVERING...,41,NORMAL,,
13:35:25,78,RECOVERING...,42,NORMAL,,
13:35:25,79,RECOVERING...,43,NORMAL,,
13:35:25,80,RECOVERING...,45,NORMAL,,
13:35:25,81,RECOVERING...,46,NORMAL,,
13:35:25,82,RECOVERING...,48,NORMAL,,
13:35:25,83,RECOVERING...,49,NORMAL,,
13:35:25,84,RECOVERING...,50,NORMAL,,
13:35:25,85,RECOVERING...,52,NORMAL,,
13:35:25,86,RECOVERING...,53,NORMAL,,
13:35:25,87,RECOVERING...,54,NORMAL,,
13:35:25,88,RECOVERING...,56,NORMAL,,
13:35:25,89,RECOVERING...,57,NORMAL,,
13:35:25,90,RECOVERING...,58,NORMAL,,
13:35:25,91,RECOVERING...,59,NORMAL,,
13:35:25,92,RECOVERING...,60,NORMAL,,
13:35:25,93,RECOVERING...,61,NORMAL,,
13:35:25,94,RECOVERING...,63,NORMAL,,
13:35:25,95,RECOVERING...,64,NORMAL,,
13:35:25,96,RECOVERING...,65,NORMAL,,
13:35:25,97,RECOVERING...,66,NORMAL,,
13:35:25,98,RECOVERING...,67,NORMAL,,
13:35:25,99,RECOVERING...,68,NORMAL,,
13:35:25,100,RECOVERING...,69,NORMAL,,
13:35:25,101,RECOVERING...,70,NORMAL,,
13:35:25,102,RECOVERING...,71,NORMAL,,
13:35:25,103,RECOVERING...,73,NORMAL,,
13:35:25,104,RECOVERING...,74,NORMAL,,
13:35:26,105,RECOVERING...,75,NORMAL,,
13:35:26,106,RECOVERING...,77,NORMAL,,
13:35:26,107,RECOVERING...,78,NORMAL,,
13:35:26,108,RECOVERING...,79,NORMAL,,
13:35:26,109,RECOVERING...,81,NORMAL,,
13:35:26,110,RECOVERING...,82,NORMAL,,
13:35:26,111,RECOVERING...,84,NORMAL,,
13:35:26,112,RECOVERING...,85,NORMAL,,
13:35:26,113,RECOVERING...,86,NORMAL,,
13:35:26,114,RECOVERING...,88,NORMAL,,
13:35:26,115,RECOVERING...,89,NORMAL,,
13:35:26,116,RECOVERING...,91,NORMAL,,
13:35:26,117,RECOVERING...,92,NORMAL,,
13:35:26,118,RECOVERING...,93,NORMAL,,
13:35:26,119,RECOVERING...,95,NORMAL,,
13:35:26,120,RECOVERING...,27,CHAOS_HIT,,[S&P 500] MACRO DROP DETECTED: -3.39%
13:35:26,121,RECOVERING...,28,NORMAL,,
13:35:26,122,RECOVERING...,0,CHAOS_HIT,,[NOAA] CLASS-X SOLAR FLARE: 103 MeV
13:35:26,123,RECOVERING...,0,NORMAL,,
13:35:26,124,RECOVERING...,0,NORMAL,,
13:35:26,125,RECOVERING...,0,NORMAL,,
13:35:26,126,RECOVERING...,0,NORMAL,,
13:35:26,127,RECOVERING...,0,NORMAL,,
13:35:26,128,RECOVERING...,0,NORMAL,,
13:35:26,129,RECOVERING...,0,CHAOS_HIT,,[S&P 500] MACRO DROP DETECTED: -1.28%
13:35:26,130,RECOVERING...,0,NORMAL,,
13:35:26,131,RECOVERING...,0,NORMAL,,
13:35:26,132,RECOVERING...,1,NORMAL,,
13:35:26,133,RECOVERING...,2,NORMAL,,
13:35:26,134,RECOVERING...,3,NORMAL,,
13:35:26,135,RECOVERING...,4,NORMAL,,
13:35:26,136,RECOVERING...,6,NORMAL,,
13:35:26,137,RECOVERING...,7,NORMAL,,
13:35:27,138,RECOVERING...,8,NORMAL,,
13:35:27,139,RECOVERING...,10,NORMAL,,
13:35:27,140,RECOVERING...,11,NORMAL,,
13:35:27,141,RECOVERING...,13,NORMAL,,
13:35:27,142,RECOVERING...,14,NORMAL,,
13:35:27,143,RECOVERING...,15,NORMAL,,
13:35:27,144,RECOVERING...,17,NORMAL,,
13:35:27,145,RECOVERING...,18,NORMAL,,
13:35:27,146,RECOVERING...,20,NORMAL,,
13:35:27,147,RECOVERING...,21,NORMAL,,
13:35:27,148,RECOVERING...,22,NORMAL,,
13:35:27,149,RECOVERING...,24,NORMAL,,
13:35:27,150,RECOVERING...,25,NORMAL,,
13:35:27,151,RECOVERING...,26,NORMAL,,
13:35:27,152,RECOVERING...,27,NORMAL,,
13:35:27,153,RECOVERING...,29,NORMAL,,
13:35:27,154,RECOVERING...,30,NORMAL,,
13:35:27,155,RECOVERING...,0,CHAOS_HIT,,[NOAA] CLASS-X SOLAR FLARE: 417 MeV
13:35:27,156,RECOVERING...,0,NORMAL,,
13:35:27,157,RECOVERING...,0,NORMAL,,
13:35:27,158,RECOVERING...,0,NORMAL,,
13:35:27,159,RECOVERING...,0,NORMAL,,
13:35:27,160,RECOVERING...,0,NORMAL,,
13:35:27,161,RECOVERING...,0,NORMAL,,
13:35:27,162,RECOVERING...,0,NORMAL,,
13:35:27,163,RECOVERING...,0,NORMAL,,
13:35:27,164,RECOVERING...,0,NORMAL,,
13:35:27,165,RECOVERING...,0,NORMAL,,
13:35:27,166,RECOVERING...,0,NORMAL,,
13:35:27,167,RECOVERING...,0,NORMAL,,
13:35:27,168,RECOVERING...,0,NORMAL,,
13:35:27,169,RECOVERING...,0,NORMAL,,
13:35:27,170,RECOVERING...,2,NORMAL,,
13:35:28,171,RECOVERING...,3,NORMAL,,
13:35:28,172,RECOVERING...,4,NORMAL,,
13:35:28,173,RECOVERING...,6,NORMAL,,
13:35:28,174,RECOVERING...,7,NORMAL,,
13:35:28,175,RECOVERING...,8,NORMAL,,
13:35:28,176,RECOVERING...,10,NORMAL,,
13:35:28,177,RECOVERING...,11,NORMAL,,
13:35:28,178,RECOVERING...,13,NORMAL,,
13:35:28,179,RECOVERING...,14,CHAOS_HIT,,[S&P 500] MACRO DROP DETECTED: -2.93%
13:35:28,180,RECOVERING...,15,NORMAL,,
13:35:28,181,RECOVERING...,17,NORMAL,,
13:35:28,182,RECOVERING...,18,NORMAL,,
13:35:28,183,RECOVERING...,19,NORMAL,,
13:35:28,184,RECOVERING...,20,NORMAL,,
13:35:28,185,RECOVERING...,22,NORMAL,,
13:35:28,186,RECOVERING...,23,NORMAL,,
13:35:28,187,RECOVERING...,24,NORMAL,,
13:35:28,188,RECOVERING...,25,NORMAL,,
13:35:28,189,RECOVERING...,26,NORMAL,,
13:35:28,190,RECOVERING...,27,NORMAL,,
13:35:28,191,RECOVERING...,28,NORMAL,,
13:35:28,192,RECOVERING...,29,NORMAL,,
13:35:28,193,RECOVERING...,30,NORMAL,,
13:35:28,194,RECOVERING...,31,NORMAL,,
13:35:28,195,RECOVERING...,33,NORMAL,,
13:35:28,196,RECOVERING...,34,NORMAL,,
13:35:28,197,RECOVERING...,35,NORMAL,,
13:35:28,198,RECOVERING...,36,NORMAL,,
13:35:28,199,RECOVERING...,38,NORMAL,,
13:35:28,200,RECOVERING...,39,NORMAL,,
13:35:28,201,RECOVERING...,40,NORMAL,,
13:35:28,202,RECOVERING...,42,NORMAL,,
13:35:28,203,RECOVERING...,43,NORMAL,,
13:35:28,204,RECOVERING...,44,NORMAL,,
13:35:28,205,RECOVERING...,46,CHAOS_HIT,,[EARTH] ATMOSPHERIC SHEAR: 137 KNOTS
13:35:28,206,RECOVERING...,23,CHAOS_HIT,,[NOAA] CLASS-X SOLAR FLARE: 189 MeV
13:35:28,207,RECOVERING...,24,NORMAL,,
13:35:28,208,RECOVERING...,26,NORMAL,,
13:35:28,209,RECOVERING...,27,NORMAL,,
13:35:28,210,RECOVERING...,29,NORMAL,,
13:35:28,211,RECOVERING...,30,NORMAL,,
13:35:29,212,RECOVERING...,31,NORMAL,,
13:35:29,213,RECOVERING...,32,NORMAL,,
13:35:29,214,RECOVERING...,34,NORMAL,,
13:35:29,215,RECOVERING...,35,NORMAL,,
13:35:29,216,RECOVERING...,36,NORMAL,,
13:35:29,217,RECOVERING...,37,NORMAL,,
13:35:29,218,RECOVERING...,39,NORMAL,,
13:35:29,219,RECOVERING...,40,NORMAL,,
13:35:29,220,RECOVERING...,41,NORMAL,,
13:35:29,221,RECOVERING...,42,NORMAL,,
13:35:29,222,RECOVERING...,43,NORMAL,,
13:35:29,223,RECOVERING...,44,NORMAL,,
13:35:29,224,RECOVERING...,45,NORMAL,,
13:35:29,225,RECOVERING...,46,NORMAL,,
13:35:29,226,RECOVERING...,47,NORMAL,,
13:35:29,227,RECOVERING...,48,NORMAL,,
13:35:29,228,RECOVERING...,50,NORMAL,,
13:35:29,229,RECOVERING...,51,NORMAL,,
13:35:29,230,RECOVERING...,52,NORMAL,,
13:35:29,231,RECOVERING...,54,NORMAL,,
13:35:29,232,RECOVERING...,55,NORMAL,,
13:35:29,233,RECOVERING...,56,NORMAL,,
13:35:29,234,RECOVERING...,58,NORMAL,,
13:35:29,235,RECOVERING...,0,CHAOS_HIT,,[NOAA] CLASS-X SOLAR FLARE: 376 MeV
13:35:29,236,RECOVERING...,0,NORMAL,,
13:35:29,237,RECOVERING...,0,NORMAL,,
13:35:29,238,RECOVERING...,0,NORMAL,,
13:35:29,239,RECOVERING...,0,NORMAL,,
13:35:29,240,RECOVERING...,0,NORMAL,,
13:35:29,241,RECOVERING...,0,NORMAL,,
13:35:29,242,RECOVERING...,0,NORMAL,,
13:35:29,243,RECOVERING...,0,NORMAL,,
13:35:29,244,RECOVERING...,0,NORMAL,,
13:35:29,245,RECOVERING...,0,NORMAL,,
13:35:29,246,RECOVERING...,0,NORMAL,,
13:35:29,247,RECOVERING...,0,NORMAL,,
13:35:29,248,RECOVERING...,0,NORMAL,,
13:35:30,249,RECOVERING...,0,NORMAL,,
13:35:30,250,RECOVERING...,0,NORMAL,,
13:35:30,251,RECOVERING...,0,NORMAL,,
13:35:30,252,RECOVERING...,0,NORMAL,,
13:35:30,253,RECOVERING...,0,NORMAL,,
13:35:30,254,RECOVERING...,0,NORMAL,,
13:35:30,255,RECOVERING...,0,NORMAL,,
13:35:30,256,RECOVERING...,0,NORMAL,,
13:35:30,257,RECOVERING...,0,NORMAL,,
13:35:30,258,RECOVERING...,0,NORMAL,,
13:35:30,259,RECOVERING...,24,CHAOS_HIT,,[NOAA] CLASS-X SOLAR FLARE: 160 MeV
13:35:30,260,RECOVERING...,25,NORMAL,,
13:35:30,261,RECOVERING...,27,NORMAL,,
13:35:30,262,RECOVERING...,28,NORMAL,,
13:35:30,263,RECOVERING...,29,NORMAL,,
13:35:30,264,RECOVERING...,31,NORMAL,,
13:35:30,265,RECOVERING...,32,NORMAL,,
13:35:30,266,RECOVERING...,33,NORMAL,,
13:35:30,267,RECOVERING...,0,CHAOS_HIT,,[NOAA] CLASS-X SOLAR FLARE: 154 MeV
13:35:30,268,RECOVERING...,0,NORMAL,,
13:35:30,269,RECOVERING...,0,NORMAL,,
13:35:30,270,RECOVERING...,0,NORMAL,,
13:35:30,271,RECOVERING...,0,CHAOS_HIT,,[S&P 500] MACRO DROP DETECTED: -2.91%
13:35:30,272,RECOVERING...,0,NORMAL,,
13:35:30,273,RECOVERING...,0,NORMAL,,
13:35:30,274,RECOVERING...,0,NORMAL,,
13:35:30,275,RECOVERING...,0,NORMAL,,
13:35:30,276,RECOVERING...,0,NORMAL,,
13:35:30,277,RECOVERING...,0,NORMAL,,
13:35:30,278,RECOVERING...,0,NORMAL,,
13:35:30,279,RECOVERING...,0,NORMAL,,
13:35:30,280,RECOVERING...,0,NORMAL,,
13:35:30,281,RECOVERING...,0,NORMAL,,
13:35:30,282,RECOVERING...,0,NORMAL,,
13:35:30,283,RECOVERING...,0,NORMAL,,
13:35:30,284,RECOVERING...,0,NORMAL,,
13:35:30,285,RECOVERING...,0,NORMAL,,
13:35:30,286,RECOVERING...,0,NORMAL,,
13:35:30,287,RECOVERING...,0,NORMAL,,
13:35:30,288,RECOVERING...,0,NORMAL,,
13:35:30,289,RECOVERING...,0,NORMAL,,
13:35:30,290,RECOVERING...,0,NORMAL,,
13:35:30,291,RECOVERING...,0,NORMAL,,
13:35:31,292,RECOVERING...,0,NORMAL,,
13:35:31,293,RECOVERING...,0,NORMAL,,
13:35:31,294,RECOVERING...,0,NORMAL,,
13:35:31,295,RECOVERING...,0,NORMAL,,
13:35:31,296,RECOVERING...,0,NORMAL,,
13:35:31,297,RECOVERING...,0,NORMAL,,
13:35:31,298,RECOVERING...,0,NORMAL,,
13:35:31,299,RECOVERING...,0,NORMAL,,
13:35:31,300,RECOVERING...,0,NORMAL,,
13:35:31,301,RECOVERING...,0,NORMAL,,
13:35:31,302,RECOVERING...,0,NORMAL,,
13:35:31,303,RECOVERING...,0,NORMAL,,
13:35:31,304,RECOVERING...,0,NORMAL,,
13:35:31,305,RECOVERING...,0,NORMAL,,
13:35:31,306,RECOVERING...,0,NORMAL,,
13:35:31,307,RECOVERING...,0,NORMAL,,
13:35:31,308,RECOVERING...,0,NORMAL,,
13:35:31,309,RECOVERING...,0,NORMAL,,
13:35:31,310,RECOVERING...,0,NORMAL,,
13:35:31,311,RECOVERING...,0,NORMAL,,
13:35:31,312,RECOVERING...,0,NORMAL,,
13:35:31,313,RECOVERING...,0,NORMAL,,
13:35:31,314,RECOVERING...,0,NORMAL,,
13:35:31,315,RECOVERING...,0,NORMAL,,
13:35:31,316,RECOVERING...,0,NORMAL,,
13:35:31,317,RECOVERING...,0,NORMAL,,
13:35:31,318,RECOVERING...,0,NORMAL,,
13:35:31,319,RECOVERING...,0,CHAOS_HIT,,[S&P 500] MACRO DROP DETECTED: -2.32%
13:35:31,320,RECOVERING...,0,NORMAL,,
13:35:31,321,RECOVERING...,0,NORMAL,,
13:35:31,322,RECOVERING...,0,NORMAL,,
13:35:31,323,RECOVERING...,0,NORMAL,,
13:35:31,324,RECOVERING...,0,NORMAL,,
13:35:31,325,RECOVERING...,0,CHAOS_HIT,,[EARTH] ATMOSPHERIC SHEAR: 115 KNOTS
13:35:31,326,RECOVERING...,2,NORMAL,,
13:35:31,327,RECOVERING...,3,NORMAL,,
13:35:32,328,RECOVERING...,5,NORMAL,,
13:35:32,329,RECOVERING...,6,NORMAL,,
13:35:32,330,RECOVERING...,7,NORMAL,,
13:35:32,331,RECOVERING...,9,NORMAL,,
13:35:32,332,RECOVERING...,10,NORMAL,,
13:35:32,333,RECOVERING...,12,NORMAL,,
13:35:32,334,RECOVERING...,13,NORMAL,,
13:35:32,335,RECOVERING...,14,NORMAL,,
13:35:32,336,RECOVERING...,16,NORMAL,,
13:35:32,337,RECOVERING...,17,NORMAL,,
13:35:32,338,RECOVERING...,18,NORMAL,,
13:35:32,339,RECOVERING...,20,NORMAL,,
13:35:32,340,RECOVERING...,21,NORMAL,,
13:35:32,341,RECOVERING...,22,NORMAL,,
13:35:32,342,RECOVERING...,23,NORMAL,,
13:35:32,343,RECOVERING...,25,NORMAL,,
13:35:32,344,RECOVERING...,26,NORMAL,,
13:35:32,345,RECOVERING...,40,CHAOS_HIT,,[NOAA] CLASS-X SOLAR FLARE: 346 MeV
13:35:32,346,RECOVERING...,41,NORMAL,,
13:35:32,347,RECOVERING...,42,NORMAL,,
13:35:32,348,RECOVERING...,43,NORMAL,,
13:35:32,349,RECOVERING...,44,NORMAL,,
13:35:32,350,RECOVERING...,45,NORMAL,,
13:35:32,351,RECOVERING...,46,NORMAL,,
13:35:32,352,RECOVERING...,47,NORMAL,,
13:35:32,353,RECOVERING...,48,NORMAL,,
13:35:32,354,RECOVERING...,50,NORMAL,,
13:35:32,355,RECOVERING...,51,NORMAL,,
13:35:32,356,RECOVERING...,52,NORMAL,,
13:35:32,357,RECOVERING...,54,NORMAL,,
13:35:32,358,RECOVERING...,55,NORMAL,,
13:35:32,359,RECOVERING...,56,NORMAL,,
13:35:32,360,RECOVERING...,58,NORMAL,,
13:35:32,361,RECOVERING...,59,NORMAL,,
13:35:32,362,RECOVERING...,61,NORMAL,,
13:35:32,363,RECOVERING...,62,NORMAL,,
13:35:32,364,RECOVERING...,63,NORMAL,,
13:35:32,365,RECOVERING...,65,NORMAL,,
13:35:32,366,RECOVERING...,66,NORMAL,,
13:35:32,367,RECOVERING...,67,NORMAL,,
13:35:32,368,RECOVERING...,69,NORMAL,,
13:35:32,369,RECOVERING...,70,NORMAL,,
13:35:32,370,RECOVERING...,71,NORMAL,,
13:35:32,371,RECOVERING...,73,NORMAL,,
13:35:32,372,RECOVERING...,74,NORMAL,,
13:35:32,373,RECOVERING...,75,NORMAL,,
13:35:33,374,RECOVERING...,76,NORMAL,,
13:35:33,375,RECOVERING...,78,NORMAL,,
13:35:33,376,RECOVERING...,79,NORMAL,,
13:35:33,377,RECOVERING...,80,NORMAL,,
13:35:33,378,RECOVERING...,81,NORMAL,,
13:35:33,379,RECOVERING...,82,NORMAL,,
13:35:33,380,RECOVERING...,83,NORMAL,,
13:35:33,381,RECOVERING...,84,NORMAL,,
13:35:33,382,RECOVERING...,85,NORMAL,,
13:35:33,383,RECOVERING...,86,NORMAL,,
13:35:33,384,RECOVERING...,87,NORMAL,,
13:35:33,385,RECOVERING...,89,NORMAL,,
13:35:33,386,RECOVERING...,90,NORMAL,,
13:35:33,387,RECOVERING...,91,NORMAL,,
13:35:33,388,RECOVERING...,92,NORMAL,,
13:35:33,389,RECOVERING...,94,NORMAL,,
13:35:33,390,RECOVERING...,95,NORMAL,,
13:35:33,391,RECOVERING...,97,NORMAL,,
13:35:33,392,OPTIMAL SYNC,98,NORMAL,47,
13:35:33,393,OPTIMAL SYNC,99,NORMAL,,
13:35:33,394,OPTIMAL SYNC,98,NORMAL,,
13:35:33,395,RECOVERING...,14,CHAOS_HIT,,[NOAA] CLASS-X SOLAR FLARE: 131 MeV
13:35:33,396,RECOVERING...,16,NORMAL,,
13:35:33,397,RECOVERING...,17,NORMAL,,
13:35:33,398,RECOVERING...,19,NORMAL,,
13:35:33,399,RECOVERING...,20,NORMAL,,
13:35:33,400,RECOVERING...,21,NORMAL,,
13:35:33,401,RECOVERING...,23,CHAOS_HIT,,[EARTH] ATMOSPHERIC SHEAR: 141 KNOTS
13:35:33,402,RECOVERING...,24,NORMAL,,
13:35:33,403,RECOVERING...,25,NORMAL,,
13:35:33,404,RECOVERING...,26,NORMAL,,
13:35:33,405,RECOVERING...,28,NORMAL,,
13:35:33,406,RECOVERING...,29,NORMAL,,
13:35:33,407,RECOVERING...,30,NORMAL,,
13:35:33,408,RECOVERING...,31,NORMAL,,
13:35:34,409,RECOVERING...,32,NORMAL,,
13:35:34,410,RECOVERING...,33,NORMAL,,
13:35:34,411,RECOVERING...,4,CHAOS_HIT,,[EARTH] ATMOSPHERIC SHEAR: 85 KNOTS
13:35:34,412,RECOVERING...,5,NORMAL,,
13:35:34,413,RECOVERING...,6,NORMAL,,
13:35:34,414,RECOVERING...,8,NORMAL,,
13:35:34,415,RECOVERING...,9,NORMAL,,
13:35:34,416,RECOVERING...,10,NORMAL,,
13:35:34,417,RECOVERING...,11,NORMAL,,
13:35:34,418,RECOVERING...,13,NORMAL,,
13:35:34,419,RECOVERING...,14,NORMAL,,
13:35:34,420,RECOVERING...,15,NORMAL,,
13:35:34,421,RECOVERING...,16,NORMAL,,
13:35:34,422,RECOVERING...,18,CHAOS_HIT,,[S&P 500] MACRO DROP DETECTED: -2.10%
13:35:34,423,RECOVERING...,19,NORMAL,,
13:35:34,424,RECOVERING...,21,NORMAL,,
13:35:34,425,RECOVERING...,22,NORMAL,,
13:35:34,426,RECOVERING...,23,NORMAL,,
13:35:34,427,RECOVERING...,25,NORMAL,,
13:35:34,428,RECOVERING...,26,NORMAL,,
13:35:34,429,RECOVERING...,28,NORMAL,,
13:35:34,430,RECOVERING...,29,NORMAL,,
13:35:34,431,RECOVERING...,30,NORMAL,,
13:35:34,432,RECOVERING...,32,NORMAL,,
13:35:34,433,RECOVERING...,33,NORMAL,,
13:35:34,434,RECOVERING...,34,CHAOS_HIT,,[S&P 500] MACRO DROP DETECTED: -2.60%
13:35:34,435,RECOVERING...,36,NORMAL,,
13:35:34,436,RECOVERING...,37,NORMAL,,
13:35:34,437,RECOVERING...,38,NORMAL,,
13:35:34,438,RECOVERING...,39,NORMAL,,
13:35:34,439,RECOVERING...,40,NORMAL,,
13:35:34,440,RECOVERING...,41,NORMAL,,
13:35:34,441,RECOVERING...,42,NORMAL,,
13:35:34,442,RECOVERING...,43,NORMAL,,
13:35:34,443,RECOVERING...,0,CHAOS_HIT,,[S&P 500] MACRO DROP DETECTED: -3.13%
13:35:34,444,RECOVERING...,0,NORMAL,,
13:35:34,445,RECOVERING...,0,NORMAL,,
13:35:34,446,RECOVERING...,0,NORMAL,,
13:35:34,447,RECOVERING...,0,NORMAL,,
13:35:34,448,RECOVERING...,0,NORMAL,,
13:35:34,449,RECOVERING...,0,NORMAL,,
13:35:34,450,RECOVERING...,0,NORMAL,,
13:35:34,451,RECOVERING...,0,NORMAL,,
13:35:34,452,RECOVERING...,0,NORMAL,,
13:35:35,453,RECOVERING...,0,NORMAL,,
13:35:35,454,RECOVERING...,0,NORMAL,,
13:35:35,455,RECOVERING...,0,NORMAL,,
13:35:35,456,RECOVERING...,0,NORMAL,,
13:35:35,457,RECOVERING...,0,NORMAL,,
13:35:35,458,RECOVERING...,0,NORMAL,,
13:35:35,459,RECOVERING...,0,NORMAL,,
13:35:35,460,RECOVERING...,0,NORMAL,,
13:35:35,461,RECOVERING...,0,NORMAL,,
13:35:35,462,RECOVERING...,0,NORMAL,,
13:35:35,463,RECOVERING...,0,NORMAL,,
13:35:35,464,RECOVERING...,0,NORMAL,,
13:35:35,465,RECOVERING...,2,NORMAL,,
13:35:35,466,RECOVERING...,3,NORMAL,,
13:35:35,467,RECOVERING...,4,NORMAL,,
13:35:35,468,RECOVERING...,5,NORMAL,,
13:35:35,469,RECOVERING...,6,NORMAL,,
13:35:35,470,RECOVERING...,8,NORMAL,,
13:35:35,471,RECOVERING...,9,NORMAL,,
13:35:35,472,RECOVERING...,10,NORMAL,,
13:35:35,473,RECOVERING...,11,CHAOS_HIT,,[EARTH] ATMOSPHERIC SHEAR: 88 KNOTS
13:35:35,474,RECOVERING...,12,NORMAL,,
13:35:35,475,RECOVERING...,13,NORMAL,,
13:35:35,476,RECOVERING...,14,CHAOS_HIT,,[NOAA] CLASS-X SOLAR FLARE: 136 MeV
13:35:35,477,RECOVERING...,15,NORMAL,,
13:35:35,478,RECOVERING...,0,CHAOS_HIT,,[NOAA] CLASS-X SOLAR FLARE: 330 MeV
13:35:35,479,RECOVERING...,0,NORMAL,,
13:35:35,480,RECOVERING...,0,NORMAL,,
13:35:35,481,RECOVERING...,0,NORMAL,,
13:35:35,482,RECOVERING...,0,NORMAL,,
13:35:35,483,RECOVERING...,0,NORMAL,,
13:35:35,484,RECOVERING...,0,NORMAL,,
13:35:35,485,RECOVERING...,25,CHAOS_HIT,,[NOAA] CLASS-X SOLAR FLARE: 110 MeV
13:35:35,486,RECOVERING...,27,NORMAL,,
13:35:36,487,RECOVERING...,28,NORMAL,,
13:35:36,488,RECOVERING...,30,NORMAL,,
13:35:36,489,RECOVERING...,31,NORMAL,,
13:35:36,490,RECOVERING...,32,NORMAL,,
13:35:36,491,RECOVERING...,34,NORMAL,,
13:35:36,492,RECOVERING...,35,NORMAL,,
13:35:36,493,RECOVERING...,36,NORMAL,,
13:35:36,494,RECOVERING...,38,NORMAL,,
13:35:36,495,RECOVERING...,39,NORMAL,,
13:35:36,496,RECOVERING...,40,NORMAL,,
13:35:36,497,RECOVERING...,42,NORMAL,,
13:35:36,498,RECOVERING...,43,NORMAL,,
13:35:36,499,RECOVERING...,44,NORMAL,,
13:35:36,500,RECOVERING...,45,NORMAL,,
13:35:36,501,RECOVERING...,47,NORMAL,,
13:35:36,502,RECOVERING...,48,NORMAL,,
13:35:36,503,RECOVERING...,49,NORMAL,,
13:35:36,504,RECOVERING...,50,NORMAL,,
13:35:36,505,RECOVERING...,51,NORMAL,,
13:35:36,506,RECOVERING...,52,NORMAL,,
13:35:36,507,RECOVERING...,53,NORMAL,,
13:35:36,508,RECOVERING...,54,NORMAL,,
13:35:36,509,RECOVERING...,55,NORMAL,,
13:35:36,510,RECOVERING...,56,NORMAL,,
13:35:36,511,RECOVERING...,58,NORMAL,,
13:35:36,512,RECOVERING...,59,NORMAL,,
13:35:36,513,RECOVERING...,60,NORMAL,,
13:35:36,514,RECOVERING...,61,NORMAL,,
13:35:36,515,RECOVERING...,63,NORMAL,,
13:35:36,516,RECOVERING...,64,NORMAL,,
13:35:36,517,RECOVERING...,66,NORMAL,,
13:35:36,518,RECOVERING...,0,CHAOS_HIT,,[S&P 500] MACRO DROP DETECTED: -2.88%
13:35:36,519,RECOVERING...,0,NORMAL,,
13:35:36,520,RECOVERING...,0,NORMAL,,
13:35:36,521,RECOVERING...,0,NORMAL,,
13:35:37,522,RECOVERING...,0,NORMAL,,
13:35:37,523,RECOVERING...,0,NORMAL,,
13:35:37,524,RECOVERING...,0,NORMAL,,
13:35:37,525,RECOVERING...,0,NORMAL,,
13:35:37,526,RECOVERING...,0,NORMAL,,
13:35:37,527,RECOVERING...,0,NORMAL,,
13:35:37,528,RECOVERING...,0,NORMAL,,
13:35:37,529,RECOVERING...,0,NORMAL,,
13:35:37,530,RECOVERING...,1,NORMAL,,
13:35:37,531,RECOVERING...,2,CHAOS_HIT,,[EARTH] ATMOSPHERIC SHEAR: 81 KNOTS
13:35:37,532,RECOVERING...,3,NORMAL,,
13:35:37,533,RECOVERING...,4,NORMAL,,
13:35:37,534,RECOVERING...,6,NORMAL,,
13:35:37,535,RECOVERING...,7,NORMAL,,
13:35:37,536,RECOVERING...,8,NORMAL,,
13:35:37,537,RECOVERING...,0,CHAOS_HIT,,[S&P 500] MACRO DROP DETECTED: -2.89%
13:35:37,538,RECOVERING...,0,NORMAL,,
13:35:37,539,RECOVERING...,0,NORMAL,,
13:35:37,540,RECOVERING...,0,NORMAL,,
13:35:37,541,RECOVERING...,0,CHAOS_HIT,,[NOAA] CLASS-X SOLAR FLARE: 346 MeV
13:35:37,542,RECOVERING...,0,NORMAL,,
13:35:37,543,RECOVERING...,0,NORMAL,,
13:35:37,544,RECOVERING...,0,NORMAL,,
13:35:37,545,RECOVERING...,0,NORMAL,,
13:35:37,546,RECOVERING...,0,NORMAL,,
13:35:37,547,RECOVERING...,0,NORMAL,,
13:35:37,548,RECOVERING...,0,NORMAL,,
13:35:37,549,RECOVERING...,0,NORMAL,,
13:35:37,550,RECOVERING...,0,NORMAL,,
13:35:37,551,RECOVERING...,0,NORMAL,,
13:35:37,552,RECOVERING...,0,NORMAL,,
13:35:37,553,RECOVERING...,0,CHAOS_HIT,,[NOAA] CLASS-X SOLAR FLARE: 396 MeV
13:35:37,554,RECOVERING...,0,NORMAL,,
13:35:38,555,RECOVERING...,0,NORMAL,,
13:35:38,556,RECOVERING...,0,NORMAL,,
13:35:38,557,RECOVERING...,1,NORMAL,,
13:35:38,558,RECOVERING...,2,NORMAL,,
13:35:38,559,RECOVERING...,3,NORMAL,,
13:35:38,560,RECOVERING...,5,NORMAL,,
13:35:38,561,RECOVERING...,6,NORMAL,,
13:35:38,562,RECOVERING...,7,NORMAL,,
13:35:38,563,RECOVERING...,8,NORMAL,,
13:35:38,564,RECOVERING...,9,CHAOS_HIT,,[EARTH] ATMOSPHERIC SHEAR: 149 KNOTS
13:35:38,565,RECOVERING...,11,NORMAL,,
13:35:38,566,RECOVERING...,12,CHAOS_HIT,,[NOAA] CLASS-X SOLAR FLARE: 179 MeV
13:35:38,567,RECOVERING...,0,CHAOS_HIT,,[S&P 500] MACRO DROP DETECTED: -3.28%
13:35:38,568,RECOVERING...,0,NORMAL,,
13:35:38,569,RECOVERING...,0,NORMAL,,
13:35:38,570,RECOVERING...,0,NORMAL,,
13:35:38,571,RECOVERING...,0,NORMAL,,
13:35:38,572,RECOVERING...,0,NORMAL,,
13:35:38,573,RECOVERING...,0,NORMAL,,
13:35:38,574,RECOVERING...,0,CHAOS_HIT,,[S&P 500] MACRO DROP DETECTED: -1.83%
13:35:38,575,RECOVERING...,0,NORMAL,,
13:35:38,576,RECOVERING...,0,CHAOS_HIT,,[EARTH] ATMOSPHERIC SHEAR: 97 KNOTS
13:35:38,577,RECOVERING...,0,NORMAL,,
13:35:38,578,RECOVERING...,0,NORMAL,,
13:35:38,579,RECOVERING...,0,NORMAL,,
13:35:38,580,RECOVERING...,0,NORMAL,,
13:35:38,581,RECOVERING...,0,NORMAL,,
13:35:38,582,RECOVERING...,0,NORMAL,,
13:35:38,583,RECOVERING...,0,NORMAL,,
13:35:38,584,RECOVERING...,0,NORMAL,,
13:35:38,585,RECOVERING...,0,NORMAL,,
13:35:38,586,RECOVERING...,0,NORMAL,,
13:35:38,587,RECOVERING...,0,NORMAL,,
13:35:39,588,RECOVERING...,0,NORMAL,,
13:35:39,589,RECOVERING...,0,CHAOS_HIT,,[EARTH] ATMOSPHERIC SHEAR: 112 KNOTS
13:35:39,590,RECOVERING...,0,NORMAL,,
13:35:39,591,RECOVERING...,0,NORMAL,,
13:35:39,592,RECOVERING...,0,NORMAL,,
13:35:39,593,RECOVERING...,0,NORMAL,,
13:35:39,594,RECOVERING...,0,NORMAL,,
13:35:39,595,RECOVERING...,0,NORMAL,,
13:35:39,596,RECOVERING...,0,NORMAL,,
13:35:39,597,RECOVERING...,0,NORMAL,,
13:35:39,598,RECOVERING...,0,NORMAL,,
13:35:39,599,RECOVERING...,0,NORMAL,,
13:35:39,600,RECOVERING...,0,NORMAL,,
13:35:39,601,RECOVERING...,0,NORMAL,,
13:35:39,602,RECOVERING...,0,NORMAL,,
13:35:39,603,RECOVERING...,0,NORMAL,,
13:35:39,604,RECOVERING...,0,NORMAL,,
13:35:39,605,RECOVERING...,0,NORMAL,,
13:35:39,606,RECOVERING...,0,NORMAL,,
13:35:39,607,RECOVERING...,0,NORMAL,,
13:35:39,608,RECOVERING...,0,NORMAL,,
13:35:39,609,RECOVERING...,0,NORMAL,,
13:35:39,610,RECOVERING...,0,NORMAL,,
13:35:39,611,RECOVERING...,0,NORMAL,,
13:35:39,612,RECOVERING...,0,NORMAL,,
13:35:39,613,RECOVERING...,0,NORMAL,,
13:35:39,614,RECOVERING...,0,NORMAL,,
13:35:39,615,RECOVERING...,0,NORMAL,,
13:35:39,616,RECOVERING...,0,NORMAL,,
13:35:39,617,RECOVERING...,0,NORMAL,,
13:35:39,618,RECOVERING...,0,NORMAL,,
13:35:39,619,RECOVERING...,0,NORMAL,,
13:35:39,620,RECOVERING...,0,NORMAL,,
13:35:39,621,RECOVERING...,0,NORMAL,,
13:35:40,622,RECOVERING...,0,NORMAL,,
13:35:40,623,RECOVERING...,0,NORMAL,,
13:35:40,624,RECOVERING...,0,NORMAL,,
13:35:40,625,RECOVERING...,0,NORMAL,,
13:35:40,626,RECOVERING...,0,NORMAL,,
13:35:40,627,RECOVERING...,0,NORMAL,,
13:35:40,628,RECOVERING...,0,NORMAL,,
13:35:40,629,RECOVERING...,0,NORMAL,,
13:35:40,630,RECOVERING...,0,NORMAL,,
13:35:40,631,RECOVERING...,0,NORMAL,,
13:35:40,632,RECOVERING...,0,NORMAL,,
13:35:40,633,RECOVERING...,0,NORMAL,,
13:35:40,634,RECOVERING...,0,NORMAL,,
13:35:40,635,RECOVERING...,0,NORMAL,,
13:35:40,636,RECOVERING...,0,CHAOS_HIT,,[NOAA] CLASS-X SOLAR FLARE: 172 MeV
13:35:40,637,RECOVERING...,1,NORMAL,,
13:35:40,638,RECOVERING...,2,NORMAL,,
13:35:40,639,RECOVERING...,3,NORMAL,,
13:35:40,640,RECOVERING...,5,NORMAL,,
13:35:40,641,RECOVERING...,6,NORMAL,,
13:35:40,642,RECOVERING...,7,NORMAL,,
13:35:40,643,RECOVERING...,9,NORMAL,,
13:35:40,644,RECOVERING...,10,NORMAL,,
13:35:40,645,RECOVERING...,12,NORMAL,,
13:35:40,646,RECOVERING...,13,NORMAL,,
13:35:40,647,RECOVERING...,14,NORMAL,,
13:35:40,648,RECOVERING...,16,NORMAL,,
13:35:40,649,RECOVERING...,17,NORMAL,,
13:35:40,650,RECOVERING...,19,NORMAL,,
13:35:40,651,RECOVERING...,20,NORMAL,,
13:35:40,652,RECOVERING...,21,NORMAL,,
13:35:40,653,RECOVERING...,4,CHAOS_HIT,,[NOAA] CLASS-X SOLAR FLARE: 481 MeV
13:35:40,654,RECOVERING...,5,NORMAL,,
13:35:41,655,RECOVERING...,6,NORMAL,,
13:35:41,656,RECOVERING...,7,NORMAL,,
13:35:41,657,RECOVERING...,9,NORMAL,,
13:35:41,658,RECOVERING...,10,NORMAL,,
13:35:41,659,RECOVERING...,11,NORMAL,,
13:35:41,660,RECOVERING...,12,NORMAL,,
13:35:41,661,RECOVERING...,13,NORMAL,,
13:35:41,662,RECOVERING...,14,NORMAL,,
13:35:41,663,RECOVERING...,15,NORMAL,,
13:35:41,664,RECOVERING...,16,NORMAL,,
13:35:41,665,RECOVERING...,17,NORMAL,,
13:35:41,666,RECOVERING...,18,NORMAL,,
13:35:41,667,RECOVERING...,20,NORMAL,,
13:35:41,668,RECOVERING...,21,NORMAL,,
13:35:41,669,RECOVERING...,22,NORMAL,,
13:35:41,670,RECOVERING...,23,NORMAL,,
13:35:41,671,RECOVERING...,25,NORMAL,,
13:35:41,672,RECOVERING...,26,NORMAL,,
13:35:41,673,RECOVERING...,27,NORMAL,,
13:35:41,674,RECOVERING...,29,NORMAL,,
13:35:41,675,RECOVERING...,30,NORMAL,,
13:35:41,676,RECOVERING...,32,NORMAL,,
13:35:41,677,RECOVERING...,33,NORMAL,,
13:35:41,678,RECOVERING...,34,NORMAL,,
13:35:41,679,RECOVERING...,36,NORMAL,,
13:35:41,680,RECOVERING...,37,NORMAL,,
13:35:41,681,RECOVERING...,38,NORMAL,,
13:35:41,682,RECOVERING...,40,NORMAL,,
13:35:41,683,RECOVERING...,41,NORMAL,,
13:35:41,684,RECOVERING...,43,NORMAL,,
13:35:41,685,RECOVERING...,44,NORMAL,,
13:35:41,686,RECOVERING...,45,NORMAL,,
13:35:41,687,RECOVERING...,46,NORMAL,,
13:35:42,688,RECOVERING...,48,NORMAL,,
13:35:42,689,RECOVERING...,49,NORMAL,,
13:35:42,690,RECOVERING...,50,NORMAL,,
13:35:42,691,RECOVERING...,51,NORMAL,,
13:35:42,692,RECOVERING...,52,NORMAL,,
13:35:42,693,RECOVERING...,53,NORMAL,,
13:35:42,694,RECOVERING...,54,NORMAL,,
13:35:42,695,RECOVERING...,55,NORMAL,,
13:35:42,696,RECOVERING...,56,NORMAL,,
13:35:42,697,RECOVERING...,57,NORMAL,,
13:35:42,698,RECOVERING...,59,NORMAL,,
13:35:42,699,RECOVERING...,60,NORMAL,,
13:35:42,700,RECOVERING...,61,NORMAL,,
13:35:42,701,RECOVERING...,62,NORMAL,,
13:35:42,702,RECOVERING...,64,NORMAL,,
13:35:42,703,RECOVERING...,65,NORMAL,,
13:35:42,704,RECOVERING...,18,CHAOS_HIT,,[NOAA] CLASS-X SOLAR FLARE: 369 MeV
13:35:42,705,RECOVERING...,19,NORMAL,,
13:35:42,706,RECOVERING...,20,NORMAL,,
13:35:42,707,RECOVERING...,22,NORMAL,,
13:35:42,708,RECOVERING...,23,NORMAL,,
13:35:42,709,RECOVERING...,24,NORMAL,,
13:35:42,710,RECOVERING...,26,NORMAL,,
13:35:42,711,RECOVERING...,27,NORMAL,,
13:35:42,712,RECOVERING...,29,NORMAL,,
13:35:42,713,RECOVERING...,30,NORMAL,,
13:35:42,714,RECOVERING...,31,NORMAL,,
13:35:42,715,RECOVERING...,33,NORMAL,,
13:35:42,716,RECOVERING...,34,NORMAL,,
13:35:42,717,RECOVERING...,35,NORMAL,,
13:35:42,718,RECOVERING...,37,NORMAL,,
13:35:42,719,RECOVERING...,38,NORMAL,,
13:35:42,720,RECOVERING...,39,NORMAL,,
13:35:43,721,RECOVERING...,40,NORMAL,,
13:35:43,722,RECOVERING...,41,NORMAL,,
13:35:43,723,RECOVERING...,42,NORMAL,,
13:35:43,724,RECOVERING...,44,NORMAL,,
13:35:43,725,RECOVERING...,45,NORMAL,,
13:35:43,726,RECOVERING...,46,NORMAL,,
13:35:43,727,RECOVERING...,47,NORMAL,,
13:35:43,728,RECOVERING...,48,NORMAL,,
13:35:43,729,RECOVERING...,49,NORMAL,,
13:35:43,730,RECOVERING...,50,NORMAL,,
13:35:43,731,RECOVERING...,51,NORMAL,,
13:35:43,732,RECOVERING...,32,CHAOS_HIT,,[S&P 500] MACRO DROP DETECTED: -2.92%
13:35:43,733,RECOVERING...,33,NORMAL,,
13:35:43,734,RECOVERING...,35,NORMAL,,
13:35:43,735,RECOVERING...,36,NORMAL,,
13:35:43,736,RECOVERING...,37,NORMAL,,
13:35:43,737,RECOVERING...,39,NORMAL,,
13:35:43,738,RECOVERING...,40,NORMAL,,
13:35:43,739,RECOVERING...,42,NORMAL,,
13:35:43,740,RECOVERING...,43,NORMAL,,
13:35:43,741,RECOVERING...,44,NORMAL,,
13:35:43,742,RECOVERING...,46,NORMAL,,
13:35:43,743,RECOVERING...,47,NORMAL,,
13:35:43,744,RECOVERING...,49,NORMAL,,
13:35:43,745,RECOVERING...,50,NORMAL,,
13:35:43,746,RECOVERING...,51,NORMAL,,
13:35:43,747,RECOVERING...,53,NORMAL,,
13:35:43,748,RECOVERING...,54,NORMAL,,
13:35:43,749,RECOVERING...,55,NORMAL,,
13:35:43,750,RECOVERING...,56,NORMAL,,
13:35:43,751,RECOVERING...,58,NORMAL,,
13:35:43,752,RECOVERING...,59,NORMAL,,
13:35:43,753,RECOVERING...,60,NORMAL,,
13:35:43,754,RECOVERING...,61,NORMAL,,
13:35:44,755,RECOVERING...,62,NORMAL,,
13:35:44,756,RECOVERING...,63,NORMAL,,
13:35:44,757,RECOVERING...,64,NORMAL,,
13:35:44,758,RECOVERING...,65,NORMAL,,
13:35:44,759,RECOVERING...,66,NORMAL,,
13:35:44,760,RECOVERING...,67,NORMAL,,
13:35:44,761,RECOVERING...,69,NORMAL,,
13:35:44,762,RECOVERING...,70,NORMAL,,
13:35:44,763,RECOVERING...,71,NORMAL,,
13:35:44,764,RECOVERING...,72,NORMAL,,
13:35:44,765,RECOVERING...,74,NORMAL,,
13:35:44,766,RECOVERING...,75,NORMAL,,
13:35:44,767,RECOVERING...,76,NORMAL,,
13:35:44,768,RECOVERING...,78,NORMAL,,
13:35:44,769,RECOVERING...,79,NORMAL,,
13:35:44,770,RECOVERING...,80,NORMAL,,
13:35:44,771,RECOVERING...,82,NORMAL,,
13:35:44,772,RECOVERING...,83,NORMAL,,
13:35:44,773,RECOVERING...,85,NORMAL,,
13:35:44,774,RECOVERING...,86,NORMAL,,
13:35:44,775,RECOVERING...,87,NORMAL,,
13:35:44,776,RECOVERING...,89,NORMAL,,
13:35:44,777,RECOVERING...,90,NORMAL,,
13:35:44,778,RECOVERING...,91,NORMAL,,
13:35:44,779,RECOVERING...,93,NORMAL,,
13:35:44,780,RECOVERING...,94,NORMAL,,
13:35:44,781,RECOVERING...,95,NORMAL,,
13:35:44,782,RECOVERING...,97,NORMAL,,
13:35:44,783,OPTIMAL SYNC,98,NORMAL,51,
13:35:44,784,OPTIMAL SYNC,99,NORMAL,,
13:35:44,785,OPTIMAL SYNC,99,NORMAL,,
13:35:44,786,OPTIMAL SYNC,99,NORMAL,,
13:35:44,787,OPTIMAL SYNC,99,NORMAL,,
13:35:45,788,OPTIMAL SYNC,99,NORMAL,,
13:35:45,789,OPTIMAL SYNC,99,NORMAL,,
13:35:45,790,OPTIMAL SYNC,99,NORMAL,,
13:35:45,791,OPTIMAL SYNC,99,NORMAL,,
13:35:45,792,OPTIMAL SYNC,99,NORMAL,,
13:35:45,793,OPTIMAL SYNC,99,NORMAL,,
13:35:45,794,OPTIMAL SYNC,99,NORMAL,,
13:35:45,795,OPTIMAL SYNC,99,NORMAL,,
13:35:45,796,OPTIMAL SYNC,99,NORMAL,,
13:35:45,797,OPTIMAL SYNC,99,NORMAL,,
13:35:45,798,OPTIMAL SYNC,99,NORMAL,,
13:35:45,799,OPTIMAL SYNC,99,NORMAL,,
13:35:45,800,OPTIMAL SYNC,99,NORMAL,,
13:35:45,801,OPTIMAL SYNC,99,NORMAL,,
13:35:45,802,OPTIMAL SYNC,99,NORMAL,,
13:35:45,803,OPTIMAL SYNC,99,NORMAL,,
13:35:45,804,OPTIMAL SYNC,99,NORMAL,,
13:35:45,805,OPTIMAL SYNC,99,NORMAL,,
13:35:45,806,OPTIMAL SYNC,99,NORMAL,,
13:35:45,807,OPTIMAL SYNC,99,NORMAL,,
13:35:45,808,OPTIMAL SYNC,99,NORMAL,,
13:35:45,809,OPTIMAL SYNC,99,NORMAL,,
13:35:45,810,OPTIMAL SYNC,99,NORMAL,,
13:35:45,811,OPTIMAL SYNC,99,NORMAL,,
13:35:45,812,OPTIMAL SYNC,99,NORMAL,,
13:35:45,813,OPTIMAL SYNC,99,NORMAL,,
13:35:45,814,OPTIMAL SYNC,99,NORMAL,,
13:35:45,815,RECOVERING...,53,CHAOS_HIT,,[S&P 500] MACRO DROP DETECTED: -2.78%
13:35:45,816,RECOVERING...,54,NORMAL,,
13:35:45,817,RECOVERING...,55,NORMAL,,
13:35:45,818,RECOVERING...,56,NORMAL,,
13:35:45,819,RECOVERING...,57,NORMAL,,
13:35:45,820,RECOVERING...,58,NORMAL,,
13:35:46,821,RECOVERING...,59,NORMAL,,
13:35:46,822,RECOVERING...,61,NORMAL,,
13:35:46,823,RECOVERING...,62,NORMAL,,
13:35:46,824,RECOVERING...,63,NORMAL,,
13:35:46,825,RECOVERING...,64,NORMAL,,
13:35:46,826,RECOVERING...,65,NORMAL,,
13:35:46,827,RECOVERING...,66,NORMAL,,
13:35:46,828,RECOVERING...,68,NORMAL,,
13:35:46,829,RECOVERING...,69,NORMAL,,
13:35:46,830,RECOVERING...,70,NORMAL,,
13:35:46,831,RECOVERING...,0,CHAOS_HIT,,[NOAA] CLASS-X SOLAR FLARE: 146 MeV
13:35:46,832,RECOVERING...,1,NORMAL,,
13:35:46,833,RECOVERING...,3,NORMAL,,
13:35:46,834,RECOVERING...,4,NORMAL,,
13:35:46,835,RECOVERING...,6,NORMAL,,
13:35:46,836,RECOVERING...,7,NORMAL,,
13:35:46,837,RECOVERING...,8,NORMAL,,
13:35:46,838,RECOVERING...,10,NORMAL,,
13:35:46,839,RECOVERING...,11,NORMAL,,
13:35:46,840,RECOVERING...,13,NORMAL,,
13:35:46,841,RECOVERING...,14,NORMAL,,
13:35:46,842,RECOVERING...,15,NORMAL,,
13:35:46,843,RECOVERING...,16,NORMAL,,
13:35:46,844,RECOVERING...,18,NORMAL,,
13:35:46,845,RECOVERING...,19,NORMAL,,
13:35:46,846,RECOVERING...,20,NORMAL,,
13:35:46,847,RECOVERING...,21,NORMAL,,
13:35:46,848,RECOVERING...,23,NORMAL,,
13:35:46,849,RECOVERING...,24,NORMAL,,
13:35:46,850,RECOVERING...,25,NORMAL,,
13:35:46,851,RECOVERING...,26,NORMAL,,
13:35:46,852,RECOVERING...,27,NORMAL,,
13:35:46,853,RECOVERING...,28,NORMAL,,
13:35:46,854,RECOVERING...,29,NORMAL,,
13:35:47,855,RECOVERING...,30,NORMAL,,
13:35:47,856,RECOVERING...,8,CHAOS_HIT,,[S&P 500] MACRO DROP DETECTED: -1.08%
13:35:47,857,RECOVERING...,9,NORMAL,,
13:35:47,858,RECOVERING...,11,NORMAL,,
13:35:47,859,RECOVERING...,12,NORMAL,,
13:35:47,860,RECOVERING...,13,NORMAL,,
13:35:47,861,RECOVERING...,14,NORMAL,,
13:35:47,862,RECOVERING...,16,NORMAL,,
13:35:47,863,RECOVERING...,17,NORMAL,,
13:35:47,864,RECOVERING...,19,NORMAL,,
13:35:47,865,RECOVERING...,20,NORMAL,,
13:35:47,866,RECOVERING...,21,NORMAL,,
13:35:47,867,RECOVERING...,23,NORMAL,,
13:35:47,868,RECOVERING...,0,CHAOS_HIT,,[NOAA] CLASS-X SOLAR FLARE: 478 MeV
13:35:47,869,RECOVERING...,0,NORMAL,,
13:35:47,870,RECOVERING...,0,NORMAL,,
13:35:47,871,RECOVERING...,0,NORMAL,,
13:35:47,872,RECOVERING...,0,NORMAL,,
13:35:47,873,RECOVERING...,0,NORMAL,,
13:35:47,874,RECOVERING...,0,NORMAL,,
13:35:47,875,RECOVERING...,0,NORMAL,,
13:35:47,876,RECOVERING...,0,NORMAL,,
13:35:47,877,RECOVERING...,0,NORMAL,,
13:35:47,878,RECOVERING...,0,NORMAL,,
13:35:47,879,RECOVERING...,0,NORMAL,,
13:35:47,880,RECOVERING...,0,NORMAL,,
13:35:47,881,RECOVERING...,0,NORMAL,,
13:35:47,882,RECOVERING...,0,NORMAL,,
13:35:47,883,RECOVERING...,0,NORMAL,,
13:35:47,884,RECOVERING...,0,NORMAL,,
13:35:47,885,RECOVERING...,0,NORMAL,,
13:35:47,886,RECOVERING...,0,NORMAL,,
13:35:47,887,RECOVERING...,0,NORMAL,,
13:35:47,888,RECOVERING...,0,NORMAL,,
13:35:47,889,RECOVERING...,0,NORMAL,,
13:35:48,890,RECOVERING...,0,NORMAL,,
13:35:48,891,RECOVERING...,0,NORMAL,,
13:35:48,892,RECOVERING...,0,NORMAL,,
13:35:48,893,RECOVERING...,0,NORMAL,,
13:35:48,894,RECOVERING...,0,NORMAL,,
13:35:48,895,RECOVERING...,0,NORMAL,,
13:35:48,896,RECOVERING...,0,NORMAL,,
13:35:48,897,RECOVERING...,0,CHAOS_HIT,,[EARTH] ATMOSPHERIC SHEAR: 118 KNOTS
13:35:48,898,RECOVERING...,0,NORMAL,,
13:35:48,899,RECOVERING...,0,NORMAL,,
13:35:48,900,RECOVERING...,0,NORMAL,,
13:35:48,901,RECOVERING...,0,NORMAL,,
13:35:48,902,RECOVERING...,0,NORMAL,,
13:35:48,903,RECOVERING...,0,NORMAL,,
13:35:48,904,RECOVERING...,0,NORMAL,,
13:35:48,905,RECOVERING...,0,NORMAL,,
13:35:48,906,RECOVERING...,0,NORMAL,,
13:35:48,907,RECOVERING...,0,NORMAL,,
13:35:48,908,RECOVERING...,0,NORMAL,,
13:35:48,909,RECOVERING...,0,NORMAL,,
13:35:48,910,RECOVERING...,0,NORMAL,,
13:35:48,911,RECOVERING...,0,NORMAL,,
13:35:48,912,RECOVERING...,1,NORMAL,,
13:35:48,913,RECOVERING...,2,NORMAL,,
13:35:48,914,RECOVERING...,3,NORMAL,,
13:35:48,915,RECOVERING...,4,NORMAL,,
13:35:48,916,RECOVERING...,6,NORMAL,,
13:35:48,917,RECOVERING...,7,NORMAL,,
13:35:48,918,RECOVERING...,8,NORMAL,,
13:35:48,919,RECOVERING...,9,NORMAL,,
13:35:48,920,RECOVERING...,10,NORMAL,,
13:35:48,921,RECOVERING...,11,NORMAL,,
13:35:48,922,RECOVERING...,13,NORMAL,,
13:35:49,923,RECOVERING...,14,NORMAL,,
13:35:49,924,RECOVERING...,15,NORMAL,,
13:35:49,925,RECOVERING...,17,NORMAL,,
13:35:49,926,RECOVERING...,18,NORMAL,,
13:35:49,927,RECOVERING...,19,CHAOS_HIT,,[NOAA] CLASS-X SOLAR FLARE: 332 MeV
13:35:49,928,RECOVERING...,20,NORMAL,,
13:35:49,929,RECOVERING...,22,NORMAL,,
13:35:49,930,RECOVERING...,23,NORMAL,,
13:35:49,931,RECOVERING...,25,CHAOS_HIT,,[S&P 500] MACRO DROP DETECTED: -1.69%
13:35:49,932,RECOVERING...,26,NORMAL,,
13:35:49,933,RECOVERING...,27,NORMAL,,
13:35:49,934,RECOVERING...,29,NORMAL,,
13:35:49,935,RECOVERING...,30,NORMAL,,
13:35:49,936,RECOVERING...,31,NORMAL,,
13:35:49,937,RECOVERING...,33,NORMAL,,
13:35:49,938,RECOVERING...,34,NORMAL,,
13:35:49,939,RECOVERING...,35,NORMAL,,
13:35:49,940,RECOVERING...,36,NORMAL,,
13:35:49,941,RECOVERING...,38,NORMAL,,
13:35:49,942,RECOVERING...,39,NORMAL,,
13:35:49,943,RECOVERING...,40,NORMAL,,
13:35:49,944,RECOVERING...,41,NORMAL,,
13:35:49,945,RECOVERING...,42,NORMAL,,
13:35:49,946,RECOVERING...,43,NORMAL,,
13:35:49,947,RECOVERING...,44,NORMAL,,
13:35:49,948,RECOVERING...,45,NORMAL,,
13:35:49,949,RECOVERING...,46,NORMAL,,
13:35:49,950,RECOVERING...,47,NORMAL,,
13:35:49,951,RECOVERING...,49,NORMAL,,
13:35:49,952,RECOVERING...,50,NORMAL,,
13:35:49,953,RECOVERING...,45,CHAOS_HIT,,[NOAA] CLASS-X SOLAR FLARE: 379 MeV
13:35:49,954,RECOVERING...,46,NORMAL,,
13:35:49,955,RECOVERING...,47,NORMAL,,
13:35:49,956,RECOVERING...,49,NORMAL,,
13:35:50,957,RECOVERING...,50,NORMAL,,
13:35:50,958,RECOVERING...,51,NORMAL,,
13:35:50,959,RECOVERING...,53,NORMAL,,
13:35:50,960,RECOVERING...,54,NORMAL,,
13:35:50,961,RECOVERING...,55,NORMAL,,
13:35:50,962,RECOVERING...,57,NORMAL,,
13:35:50,963,RECOVERING...,19,CHAOS_HIT,,[NOAA] CLASS-X SOLAR FLARE: 312 MeV
13:35:50,964,RECOVERING...,20,NORMAL,,
13:35:50,965,RECOVERING...,21,NORMAL,,
13:35:50,966,RECOVERING...,23,NORMAL,,
13:35:50,967,RECOVERING...,24,NORMAL,,
13:35:50,968,RECOVERING...,25,NORMAL,,
13:35:50,969,RECOVERING...,69,CHAOS_HIT,,[NOAA] CLASS-X SOLAR FLARE: 345 MeV
13:35:50,970,RECOVERING...,70,NORMAL,,
13:35:50,971,RECOVERING...,71,NORMAL,,
13:35:50,972,RECOVERING...,72,NORMAL,,
13:35:50,973,RECOVERING...,73,NORMAL,,
13:35:50,974,RECOVERING...,0,CHAOS_HIT,,[NOAA] CLASS-X SOLAR FLARE: 268 MeV
13:35:50,975,RECOVERING...,0,NORMAL,,
13:35:50,976,RECOVERING...,0,NORMAL,,
13:35:50,977,RECOVERING...,0,NORMAL,,
13:35:50,978,RECOVERING...,0,NORMAL,,
13:35:50,979,RECOVERING...,0,NORMAL,,
13:35:50,980,RECOVERING...,0,NORMAL,,
13:35:50,981,RECOVERING...,0,NORMAL,,
13:35:50,982,RECOVERING...,0,CHAOS_HIT,,[S&P 500] MACRO DROP DETECTED: -2.52%
13:35:50,983,RECOVERING...,0,NORMAL,,
13:35:50,984,RECOVERING...,1,NORMAL,,
13:35:50,985,RECOVERING...,2,NORMAL,,
13:35:50,986,RECOVERING...,3,NORMAL,,
13:35:50,987,RECOVERING...,5,NORMAL,,
13:35:50,988,RECOVERING...,6,NORMAL,,
13:35:50,989,RECOVERING...,7,NORMAL,,
13:35:50,990,RECOVERING...,9,NORMAL,,
13:35:51,991,RECOVERING...,10,NORMAL,,
13:35:51,992,RECOVERING...,12,NORMAL,,
13:35:51,993,RECOVERING...,13,NORMAL,,
13:35:51,994,RECOVERING...,14,NORMAL,,
13:35:51,995,RECOVERING...,16,NORMAL,,
13:35:51,996,RECOVERING...,17,NORMAL,,
13:35:51,997,RECOVERING...,19,NORMAL,,
13:35:51,998,RECOVERING...,20,NORMAL,,
13:35:51,999,RECOVERING...,21,NORMAL,,
13:35:51,1000,RECOVERING...,23,NORMAL,,
13:35:51,1001,RECOVERING...,24,NORMAL,,
13:35:51,1002,RECOVERING...,25,NORMAL,,
13:35:51,1003,RECOVERING...,26,NORMAL,,
13:35:51,1004,RECOVERING...,27,NORMAL,,
13:35:51,1005,RECOVERING...,29,NORMAL,,
13:35:51,1006,RECOVERING...,30,NORMAL,,
13:35:51,1007,RECOVERING...,31,NORMAL,,
13:35:51,1008,RECOVERING...,32,NORMAL,,
13:35:51,1009,RECOVERING...,33,NORMAL,,
13:35:51,1010,RECOVERING...,34,NORMAL,,
13:35:51,1011,RECOVERING...,35,NORMAL,,
13:35:51,1012,RECOVERING...,36,NORMAL,,
13:35:51,1013,RECOVERING...,37,NORMAL,,
13:35:51,1014,RECOVERING...,38,NORMAL,,
13:35:51,1015,RECOVERING...,40,NORMAL,,
13:35:51,1016,RECOVERING...,41,NORMAL,,
13:35:51,1017,RECOVERING...,42,NORMAL,,
13:35:51,1018,RECOVERING...,43,NORMAL,,
13:35:51,1019,RECOVERING...,45,NORMAL,,
13:35:51,1020,RECOVERING...,46,NORMAL,,
13:35:51,1021,RECOVERING...,48,NORMAL,,
13:35:51,1022,RECOVERING...,49,NORMAL,,
13:35:51,1023,RECOVERING...,50,NORMAL,,
13:35:52,1024,RECOVERING...,52,NORMAL,,
13:35:52,1025,RECOVERING...,53,NORMAL,,
13:35:52,1026,RECOVERING...,55,NORMAL,,
13:35:52,1027,RECOVERING...,56,NORMAL,,
13:35:52,1028,RECOVERING...,57,NORMAL,,
13:35:52,1029,RECOVERING...,59,NORMAL,,
13:35:52,1030,RECOVERING...,60,NORMAL,,
13:35:52,1031,RECOVERING...,61,NORMAL,,
13:35:52,1032,RECOVERING...,63,NORMAL,,
13:35:52,1033,RECOVERING...,64,NORMAL,,
13:35:52,1034,RECOVERING...,65,NORMAL,,
13:35:52,1035,RECOVERING...,66,NORMAL,,
13:35:52,1036,RECOVERING...,68,NORMAL,,
13:35:52,1037,RECOVERING...,69,NORMAL,,
13:35:52,1038,RECOVERING...,70,NORMAL,,
13:35:52,1039,RECOVERING...,71,NORMAL,,
13:35:52,1040,RECOVERING...,72,NORMAL,,
13:35:52,1041,RECOVERING...,73,NORMAL,,
13:35:52,1042,RECOVERING...,74,NORMAL,,
13:35:52,1043,RECOVERING...,0,CHAOS_HIT,,[NOAA] CLASS-X SOLAR FLARE: 181 MeV
13:35:52,1044,RECOVERING...,0,NORMAL,,
13:35:52,1045,RECOVERING...,1,NORMAL,,
13:35:52,1046,RECOVERING...,2,NORMAL,,
13:35:52,1047,RECOVERING...,3,NORMAL,,
13:35:52,1048,RECOVERING...,5,NORMAL,,
13:35:52,1049,RECOVERING...,6,NORMAL,,
13:35:52,1050,RECOVERING...,7,NORMAL,,
13:35:52,1051,RECOVERING...,9,NORMAL,,
13:35:52,1052,RECOVERING...,10,NORMAL,,
13:35:52,1053,RECOVERING...,11,NORMAL,,
13:35:52,1054,RECOVERING...,13,NORMAL,,
13:35:52,1055,RECOVERING...,14,NORMAL,,
13:35:52,1056,RECOVERING...,16,NORMAL,,
13:35:52,1057,RECOVERING...,17,NORMAL,,
13:35:52,1058,RECOVERING...,18,NORMAL,,
13:35:53,1059,RECOVERING...,20,NORMAL,,
13:35:53,1060,RECOVERING...,21,NORMAL,,
13:35:53,1061,RECOVERING...,22,NORMAL,,
13:35:53,1062,RECOVERING...,24,NORMAL,,
13:35:53,1063,RECOVERING...,25,NORMAL,,
13:35:53,1064,RECOVERING...,26,NORMAL,,
13:35:53,1065,RECOVERING...,28,NORMAL,,
13:35:53,1066,RECOVERING...,29,NORMAL,,
13:35:53,1067,RECOVERING...,30,NORMAL,,
13:35:53,1068,RECOVERING...,31,NORMAL,,
13:35:53,1069,RECOVERING...,32,NORMAL,,
13:35:53,1070,RECOVERING...,33,NORMAL,,
13:35:53,1071,RECOVERING...,34,NORMAL,,
13:35:53,1072,RECOVERING...,35,NORMAL,,
13:35:53,1073,RECOVERING...,36,NORMAL,,
13:35:53,1074,RECOVERING...,38,NORMAL,,
13:35:53,1075,RECOVERING...,39,NORMAL,,
13:35:53,1076,RECOVERING...,40,NORMAL,,
13:35:53,1077,RECOVERING...,41,NORMAL,,
13:35:53,1078,RECOVERING...,42,NORMAL,,
13:35:53,1079,RECOVERING...,44,NORMAL,,
13:35:53,1080,RECOVERING...,45,NORMAL,,
13:35:53,1081,RECOVERING...,46,NORMAL,,
13:35:53,1082,RECOVERING...,47,NORMAL,,
13:35:53,1083,RECOVERING...,49,NORMAL,,
13:35:53,1084,RECOVERING...,50,NORMAL,,
13:35:53,1085,RECOVERING...,52,NORMAL,,
13:35:53,1086,RECOVERING...,53,NORMAL,,
13:35:53,1087,RECOVERING...,54,NORMAL,,
13:35:53,1088,RECOVERING...,56,NORMAL,,
13:35:53,1089,RECOVERING...,57,NORMAL,,
13:35:53,1090,RECOVERING...,59,NORMAL,,
13:35:53,1091,RECOVERING...,60,NORMAL,,
13:35:54,1092,RECOVERING...,61,NORMAL,,
13:35:54,1093,RECOVERING...,63,NORMAL,,
13:35:54,1094,RECOVERING...,64,NORMAL,,
13:35:54,1095,RECOVERING...,65,NORMAL,,
13:35:54,1096,RECOVERING...,67,NORMAL,,
13:35:54,1097,RECOVERING...,68,NORMAL,,
13:35:54,1098,RECOVERING...,69,NORMAL,,
13:35:54,1099,RECOVERING...,70,NORMAL,,
13:35:54,1100,RECOVERING...,71,NORMAL,,
13:35:54,1101,RECOVERING...,72,NORMAL,,
13:35:54,1102,RECOVERING...,73,NORMAL,,
13:35:54,1103,RECOVERING...,74,NORMAL,,
13:35:54,1104,RECOVERING...,75,NORMAL,,
13:35:54,1105,RECOVERING...,32,CHAOS_HIT,,[EARTH] ATMOSPHERIC SHEAR: 113 KNOTS
13:35:54,1106,RECOVERING...,33,NORMAL,,
13:35:54,1107,RECOVERING...,34,NORMAL,,
13:35:54,1108,RECOVERING...,0,CHAOS_HIT,,[NOAA] CLASS-X SOLAR FLARE: 162 MeV
13:35:54,1109,RECOVERING...,0,NORMAL,,
13:35:54,1110,RECOVERING...,0,NORMAL,,
13:35:54,1111,RECOVERING...,1,NORMAL,,
13:35:54,1112,RECOVERING...,3,NORMAL,,
13:35:54,1113,RECOVERING...,4,NORMAL,,
13:35:54,1114,RECOVERING...,5,NORMAL,,
13:35:54,1115,RECOVERING...,7,NORMAL,,
13:35:54,1116,RECOVERING...,8,NORMAL,,
13:35:54,1117,RECOVERING...,9,NORMAL,,
13:35:54,1118,RECOVERING...,11,NORMAL,,
13:35:54,1119,RECOVERING...,12,NORMAL,,
13:35:54,1120,RECOVERING...,14,NORMAL,,
13:35:54,1121,RECOVERING...,15,NORMAL,,
13:35:54,1122,RECOVERING...,16,NORMAL,,
13:35:54,1123,RECOVERING...,18,NORMAL,,
13:35:54,1124,RECOVERING...,19,NORMAL,,
13:35:54,1125,RECOVERING...,20,NORMAL,,
13:35:54,1126,RECOVERING...,22,NORMAL,,
13:35:55,1127,RECOVERING...,29,CHAOS_HIT,,[NOAA] CLASS-X SOLAR FLARE: 315 MeV
13:35:55,1128,RECOVERING...,31,NORMAL,,
13:35:55,1129,RECOVERING...,32,NORMAL,,
13:35:55,1130,RECOVERING...,33,NORMAL,,
13:35:55,1131,RECOVERING...,34,NORMAL,,
13:35:55,1132,RECOVERING...,35,NORMAL,,
13:35:55,1133,RECOVERING...,36,NORMAL,,
13:35:55,1134,RECOVERING...,38,NORMAL,,
13:35:55,1135,RECOVERING...,39,NORMAL,,
13:35:55,1136,RECOVERING...,40,NORMAL,,
13:35:55,1137,RECOVERING...,41,NORMAL,,
13:35:55,1138,RECOVERING...,42,NORMAL,,
13:35:55,1139,RECOVERING...,43,NORMAL,,
13:35:55,1140,RECOVERING...,44,NORMAL,,
13:35:55,1141,RECOVERING...,45,NORMAL,,
13:35:55,1142,RECOVERING...,47,NORMAL,,
13:35:55,1143,RECOVERING...,48,NORMAL,,
13:35:55,1144,RECOVERING...,49,NORMAL,,
13:35:55,1145,RECOVERING...,51,NORMAL,,
13:35:55,1146,RECOVERING...,52,NORMAL,,
13:35:55,1147,RECOVERING...,53,NORMAL,,
13:35:55,1148,RECOVERING...,55,NORMAL,,
13:35:55,1149,RECOVERING...,56,NORMAL,,
13:35:55,1150,RECOVERING...,57,NORMAL,,
13:35:55,1151,RECOVERING...,59,NORMAL,,
13:35:55,1152,RECOVERING...,60,NORMAL,,
13:35:55,1153,RECOVERING...,62,NORMAL,,
13:35:55,1154,RECOVERING...,63,NORMAL,,
13:35:55,1155,RECOVERING...,64,NORMAL,,
13:35:55,1156,RECOVERING...,23,CHAOS_HIT,,[S&P 500] MACRO DROP DETECTED: -3.22%
13:35:55,1157,RECOVERING...,25,NORMAL,,
13:35:55,1158,RECOVERING...,26,NORMAL,,
13:35:55,1159,RECOVERING...,27,NORMAL,,
13:35:55,1160,RECOVERING...,28,NORMAL,,
13:35:55,1161,RECOVERING...,0,CHAOS_HIT,,[NOAA] CLASS-X SOLAR FLARE: 405 MeV
13:35:56,1162,RECOVERING...,0,NORMAL,,
13:35:56,1163,RECOVERING...,0,NORMAL,,
13:35:56,1164,RECOVERING...,0,NORMAL,,
13:35:56,1165,RECOVERING...,0,NORMAL,,
13:35:56,1166,RECOVERING...,0,NORMAL,,
13:35:56,1167,RECOVERING...,0,NORMAL,,
13:35:56,1168,RECOVERING...,0,NORMAL,,
13:35:56,1169,RECOVERING...,0,NORMAL,,
13:35:56,1170,RECOVERING...,1,NORMAL,,
13:35:56,1171,RECOVERING...,3,NORMAL,,
13:35:56,1172,RECOVERING...,4,NORMAL,,
13:35:56,1173,RECOVERING...,5,NORMAL,,
13:35:56,1174,RECOVERING...,0,CHAOS_HIT,,[S&P 500] MACRO DROP DETECTED: -2.66%
13:35:56,1175,RECOVERING...,0,NORMAL,,
13:35:56,1176,RECOVERING...,0,NORMAL,,
13:35:56,1177,RECOVERING...,0,NORMAL,,
13:35:56,1178,RECOVERING...,0,NORMAL,,
13:35:56,1179,RECOVERING...,0,NORMAL,,
13:35:56,1180,RECOVERING...,0,NORMAL,,
13:35:56,1181,RECOVERING...,0,NORMAL,,
13:35:56,1182,RECOVERING...,0,NORMAL,,
13:35:56,1183,RECOVERING...,0,NORMAL,,
13:35:56,1184,RECOVERING...,0,NORMAL,,
13:35:56,1185,RECOVERING...,0,NORMAL,,
13:35:56,1186,RECOVERING...,0,NORMAL,,
13:35:56,1187,RECOVERING...,0,NORMAL,,
13:35:56,1188,RECOVERING...,0,NORMAL,,
13:35:56,1189,RECOVERING...,0,NORMAL,,
13:35:56,1190,RECOVERING...,0,NORMAL,,
13:35:56,1191,RECOVERING...,0,NORMAL,,
13:35:56,1192,RECOVERING...,0,NORMAL,,
13:35:56,1193,RECOVERING...,0,CHAOS_HIT,,[EARTH] ATMOSPHERIC SHEAR: 148 KNOTS
13:35:56,1194,RECOVERING...,0,NORMAL,,
13:35:56,1195,RECOVERING...,0,NORMAL,,
13:35:57,1196,RECOVERING...,0,NORMAL,,
13:35:57,1197,RECOVERING...,0,NORMAL,,
13:35:57,1198,RECOVERING...,0,NORMAL,,
13:35:57,1199,RECOVERING...,0,NORMAL,,
13:35:57,1200,RECOVERING...,0,NORMAL,,
13:35:57,1201,RECOVERING...,0,NORMAL,,
13:35:57,1202,RECOVERING...,1,NORMAL,,
13:35:57,1203,RECOVERING...,2,NORMAL,,
13:35:57,1204,RECOVERING...,3,NORMAL,,
13:35:57,1205,RECOVERING...,4,NORMAL,,
13:35:57,1206,RECOVERING...,6,NORMAL,,
13:35:57,1207,RECOVERING...,7,NORMAL,,
13:35:57,1208,RECOVERING...,8,NORMAL,,
13:35:57,1209,RECOVERING...,10,NORMAL,,
13:35:57,1210,RECOVERING...,11,NORMAL,,
13:35:57,1211,RECOVERING...,12,NORMAL,,
13:35:57,1212,RECOVERING...,14,NORMAL,,
13:35:57,1213,RECOVERING...,15,NORMAL,,
13:35:57,1214,RECOVERING...,17,NORMAL,,
13:35:57,1215,RECOVERING...,18,NORMAL,,
13:35:57,1216,RECOVERING...,19,NORMAL,,
13:35:57,1217,RECOVERING...,21,NORMAL,,
13:35:57,1218,RECOVERING...,17,CHAOS_HIT,,[NOAA] CLASS-X SOLAR FLARE: 273 MeV
13:35:57,1219,RECOVERING...,18,NORMAL,,
13:35:57,1220,RECOVERING...,19,NORMAL,,
13:35:57,1221,RECOVERING...,21,NORMAL,,
13:35:57,1222,RECOVERING...,22,NORMAL,,
13:35:57,1223,RECOVERING...,23,NORMAL,,
13:35:57,1224,RECOVERING...,24,NORMAL,,
13:35:57,1225,RECOVERING...,26,NORMAL,,
13:35:57,1226,RECOVERING...,27,NORMAL,,
13:35:57,1227,RECOVERING...,28,NORMAL,,
13:35:57,1228,RECOVERING...,29,NORMAL,,
13:35:58,1229,RECOVERING...,30,NORMAL,,
13:35:58,1230,RECOVERING...,31,NORMAL,,
13:35:58,1231,RECOVERING...,32,NORMAL,,
13:35:58,1232,RECOVERING...,33,NORMAL,,
13:35:58,1233,RECOVERING...,34,NORMAL,,
13:35:58,1234,RECOVERING...,0,CHAOS_HIT,,[S&P 500] MACRO DROP DETECTED: -1.70%
13:35:58,1235,RECOVERING...,0,NORMAL,,
13:35:58,1236,RECOVERING...,0,NORMAL,,
13:35:58,1237,RECOVERING...,0,NORMAL,,
13:35:58,1238,RECOVERING...,0,NORMAL,,
13:35:58,1239,RECOVERING...,0,NORMAL,,
13:35:58,1240,RECOVERING...,0,NORMAL,,
13:35:58,1241,RECOVERING...,0,NORMAL,,
13:35:58,1242,RECOVERING...,29,CHAOS_HIT,,[S&P 500] MACRO DROP DETECTED: -3.87%
13:35:58,1243,RECOVERING...,30,NORMAL,,
13:35:58,1244,RECOVERING...,32,NORMAL,,
13:35:58,1245,RECOVERING...,33,NORMAL,,
13:35:58,1246,RECOVERING...,35,NORMAL,,
13:35:58,1247,RECOVERING...,36,NORMAL,,
13:35:58,1248,RECOVERING...,37,NORMAL,,
13:35:58,1249,RECOVERING...,39,NORMAL,,
13:35:58,1250,RECOVERING...,40,NORMAL,,
13:35:58,1251,RECOVERING...,41,NORMAL,,
13:35:58,1252,RECOVERING...,43,NORMAL,,
13:35:58,1253,RECOVERING...,44,NORMAL,,
13:35:58,1254,RECOVERING...,45,NORMAL,,
13:35:58,1255,RECOVERING...,46,NORMAL,,
13:35:58,1256,RECOVERING...,48,NORMAL,,
13:35:58,1257,RECOVERING...,49,NORMAL,,
13:35:58,1258,RECOVERING...,50,NORMAL,,
13:35:58,1259,RECOVERING...,51,NORMAL,,
13:35:58,1260,RECOVERING...,52,NORMAL,,
13:35:59,1261,RECOVERING...,53,NORMAL,,
13:35:59,1262,RECOVERING...,54,NORMAL,,
13:35:59,1263,RECOVERING...,55,NORMAL,,
13:35:59,1264,RECOVERING...,56,NORMAL,,
13:35:59,1265,RECOVERING...,57,NORMAL,,
13:35:59,1266,RECOVERING...,59,NORMAL,,
13:35:59,1267,RECOVERING...,0,CHAOS_HIT,,[S&P 500] MACRO DROP DETECTED: -3.44%
13:35:59,1268,RECOVERING...,0,NORMAL,,
13:35:59,1269,RECOVERING...,48,CHAOS_HIT,,[S&P 500] MACRO DROP DETECTED: -1.77%
13:35:59,1270,RECOVERING...,49,NORMAL,,
13:35:59,1271,RECOVERING...,51,NORMAL,,
13:35:59,1272,RECOVERING...,52,NORMAL,,
13:35:59,1273,RECOVERING...,53,NORMAL,,
13:35:59,1274,RECOVERING...,55,NORMAL,,
13:35:59,1275,RECOVERING...,30,CHAOS_HIT,,[S&P 500] MACRO DROP DETECTED: -1.77%
13:35:59,1276,RECOVERING...,31,NORMAL,,
13:35:59,1277,RECOVERING...,32,NORMAL,,
13:35:59,1278,RECOVERING...,34,NORMAL,,
13:35:59,1279,RECOVERING...,35,NORMAL,,
13:35:59,1280,RECOVERING...,36,NORMAL,,
13:35:59,1281,RECOVERING...,38,NORMAL,,
13:35:59,1282,RECOVERING...,39,NORMAL,,
13:35:59,1283,RECOVERING...,41,NORMAL,,
13:35:59,1284,RECOVERING...,42,NORMAL,,
13:35:59,1285,RECOVERING...,43,NORMAL,,
13:35:59,1286,RECOVERING...,44,NORMAL,,
13:35:59,1287,RECOVERING...,46,CHAOS_HIT,,[EARTH] ATMOSPHERIC SHEAR: 109 KNOTS
13:35:59,1288,RECOVERING...,47,NORMAL,,
13:35:59,1289,RECOVERING...,48,NORMAL,,
13:35:59,1290,RECOVERING...,49,NORMAL,,
13:35:59,1291,RECOVERING...,50,NORMAL,,
13:35:59,1292,RECOVERING...,24,CHAOS_HIT,,[NOAA] CLASS-X SOLAR FLARE: 387 MeV
13:35:59,1293,RECOVERING...,25,NORMAL,,
13:35:59,1294,RECOVERING...,26,NORMAL,,
13:36:00,1295,RECOVERING...,27,NORMAL,,
13:36:00,1296,RECOVERING...,28,NORMAL,,
13:36:00,1297,RECOVERING...,30,NORMAL,,
13:36:00,1298,RECOVERING...,31,NORMAL,,
13:36:00,1299,RECOVERING...,32,NORMAL,,
13:36:00,1300,RECOVERING...,33,NORMAL,,
13:36:00,1301,RECOVERING...,35,NORMAL,,
13:36:00,1302,RECOVERING...,36,NORMAL,,
13:36:00,1303,RECOVERING...,37,NORMAL,,
13:36:00,1304,RECOVERING...,39,NORMAL,,
13:36:00,1305,RECOVERING...,40,NORMAL,,
13:36:00,1306,RECOVERING...,42,NORMAL,,
13:36:00,1307,RECOVERING...,43,NORMAL,,
13:36:00,1308,RECOVERING...,44,NORMAL,,
13:36:00,1309,RECOVERING...,46,NORMAL,,
13:36:00,1310,RECOVERING...,47,NORMAL,,
13:36:00,1311,RECOVERING...,48,NORMAL,,
13:36:00,1312,RECOVERING...,50,NORMAL,,
13:36:00,1313,RECOVERING...,51,NORMAL,,
13:36:00,1314,RECOVERING...,53,NORMAL,,
13:36:00,1315,RECOVERING...,54,NORMAL,,
13:36:00,1316,RECOVERING...,55,NORMAL,,
13:36:00,1317,RECOVERING...,56,NORMAL,,
13:36:00,1318,RECOVERING...,58,NORMAL,,
13:36:00,1319,RECOVERING...,59,NORMAL,,
13:36:00,1320,RECOVERING...,60,NORMAL,,
13:36:00,1321,RECOVERING...,61,NORMAL,,
13:36:00,1322,RECOVERING...,62,NORMAL,,
13:36:00,1323,RECOVERING...,63,NORMAL,,
13:36:00,1324,RECOVERING...,64,NORMAL,,
13:36:00,1325,RECOVERING...,1,CHAOS_HIT,,[NOAA] CLASS-X SOLAR FLARE: 109 MeV
13:36:00,1326,RECOVERING...,3,NORMAL,,
13:36:00,1327,RECOVERING...,4,NORMAL,,
13:36:00,1328,RECOVERING...,5,NORMAL,,
13:36:01,1329,RECOVERING...,6,NORMAL,,
13:36:01,1330,RECOVERING...,7,NORMAL,,
13:36:01,1331,RECOVERING...,8,NORMAL,,
13:36:01,1332,RECOVERING...,10,NORMAL,,
13:36:01,1333,RECOVERING...,11,NORMAL,,
13:36:01,1334,RECOVERING...,12,NORMAL,,
13:36:01,1335,RECOVERING...,0,CHAOS_HIT,,[NOAA] CLASS-X SOLAR FLARE: 146 MeV
13:36:01,1336,RECOVERING...,0,NORMAL,,
13:36:01,1337,RECOVERING...,0,NORMAL,,
13:36:01,1338,RECOVERING...,0,NORMAL,,
13:36:01,1339,RECOVERING...,0,NORMAL,,
13:36:01,1340,RECOVERING...,0,NORMAL,,
13:36:01,1341,RECOVERING...,0,NORMAL,,
13:36:01,1342,RECOVERING...,1,NORMAL,,
13:36:01,1343,RECOVERING...,2,NORMAL,,
13:36:01,1344,RECOVERING...,3,NORMAL,,
13:36:01,1345,RECOVERING...,5,NORMAL,,
13:36:01,1346,RECOVERING...,6,NORMAL,,
13:36:01,1347,RECOVERING...,7,NORMAL,,
13:36:01,1348,RECOVERING...,9,NORMAL,,
13:36:01,1349,RECOVERING...,10,NORMAL,,
13:36:01,1350,RECOVERING...,11,NORMAL,,
13:36:01,1351,RECOVERING...,12,NORMAL,,
13:36:01,1352,RECOVERING...,13,NORMAL,,
13:36:01,1353,RECOVERING...,14,NORMAL,,
13:36:01,1354,RECOVERING...,16,NORMAL,,
13:36:01,1355,RECOVERING...,17,NORMAL,,
13:36:01,1356,RECOVERING...,18,NORMAL,,
13:36:01,1357,RECOVERING...,19,NORMAL,,
13:36:01,1358,RECOVERING...,20,NORMAL,,
13:36:01,1359,RECOVERING...,21,NORMAL,,
13:36:01,1360,RECOVERING...,22,NORMAL,,
13:36:01,1361,RECOVERING...,23,NORMAL,,
13:36:02,1362,RECOVERING...,24,NORMAL,,
13:36:02,1363,RECOVERING...,26,NORMAL,,
13:36:02,1364,RECOVERING...,27,NORMAL,,
13:36:02,1365,RECOVERING...,28,NORMAL,,
13:36:02,1366,RECOVERING...,30,NORMAL,,
13:36:02,1367,RECOVERING...,31,NORMAL,,
13:36:02,1368,RECOVERING...,32,NORMAL,,
13:36:02,1369,RECOVERING...,34,NORMAL,,
13:36:02,1370,RECOVERING...,35,NORMAL,,
13:36:02,1371,RECOVERING...,37,NORMAL,,
13:36:02,1372,RECOVERING...,38,NORMAL,,
13:36:02,1373,RECOVERING...,39,NORMAL,,
13:36:02,1374,RECOVERING...,41,NORMAL,,
13:36:02,1375,RECOVERING...,42,NORMAL,,
13:36:02,1376,RECOVERING...,44,NORMAL,,
13:36:02,1377,RECOVERING...,45,NORMAL,,
13:36:02,1378,RECOVERING...,46,NORMAL,,
13:36:02,1379,RECOVERING...,48,NORMAL,,
13:36:02,1380,RECOVERING...,49,NORMAL,,
13:36:02,1381,RECOVERING...,36,CHAOS_HIT,,[NOAA] CLASS-X SOLAR FLARE: 499 MeV
13:36:02,1382,RECOVERING...,37,NORMAL,,
13:36:02,1383,RECOVERING...,38,NORMAL,,
13:36:02,1384,RECOVERING...,39,NORMAL,,
13:36:02,1385,RECOVERING...,40,NORMAL,,
13:36:02,1386,RECOVERING...,41,NORMAL,,
13:36:02,1387,RECOVERING...,42,NORMAL,,
13:36:02,1388,RECOVERING...,43,NORMAL,,
13:36:02,1389,RECOVERING...,44,NORMAL,,
13:36:02,1390,RECOVERING...,45,NORMAL,,
13:36:02,1391,RECOVERING...,47,NORMAL,,
13:36:02,1392,RECOVERING...,48,NORMAL,,
13:36:02,1393,RECOVERING...,49,NORMAL,,
13:36:02,1394,RECOVERING...,50,NORMAL,,
13:36:03,1395,RECOVERING...,51,NORMAL,,
13:36:03,1396,RECOVERING...,53,NORMAL,,
13:36:03,1397,RECOVERING...,54,NORMAL,,
13:36:03,1398,RECOVERING...,55,NORMAL,,
13:36:03,1399,RECOVERING...,57,NORMAL,,
13:36:03,1400,RECOVERING...,58,NORMAL,,
13:36:03,1401,RECOVERING...,0,CHAOS_HIT,,[S&P 500] MACRO DROP DETECTED: -2.95%
13:36:03,1402,RECOVERING...,2,NORMAL,,
13:36:03,1403,RECOVERING...,3,NORMAL,,
13:36:03,1404,RECOVERING...,4,NORMAL,,
13:36:03,1405,RECOVERING...,6,NORMAL,,
13:36:03,1406,RECOVERING...,7,NORMAL,,
13:36:03,1407,RECOVERING...,9,NORMAL,,
13:36:03,1408,RECOVERING...,10,NORMAL,,
13:36:03,1409,RECOVERING...,11,NORMAL,,
13:36:03,1410,RECOVERING...,12,NORMAL,,
13:36:03,1411,RECOVERING...,14,NORMAL,,
13:36:03,1412,RECOVERING...,15,NORMAL,,
13:36:03,1413,RECOVERING...,16,NORMAL,,
13:36:03,1414,RECOVERING...,17,NORMAL,,
13:36:03,1415,RECOVERING...,18,NORMAL,,
13:36:03,1416,RECOVERING...,20,NORMAL,,
13:36:03,1417,RECOVERING...,21,NORMAL,,
13:36:03,1418,RECOVERING...,22,NORMAL,,
13:36:03,1419,RECOVERING...,23,NORMAL,,
13:36:03,1420,RECOVERING...,24,NORMAL,,
13:36:03,1421,RECOVERING...,25,NORMAL,,
13:36:03,1422,RECOVERING...,26,NORMAL,,
13:36:03,1423,RECOVERING...,27,NORMAL,,
13:36:03,1424,RECOVERING...,28,NORMAL,,
13:36:03,1425,RECOVERING...,30,NORMAL,,
13:36:03,1426,RECOVERING...,31,NORMAL,,
13:36:03,1427,RECOVERING...,32,NORMAL,,
13:36:04,1428,RECOVERING...,34,NORMAL,,
13:36:04,1429,RECOVERING...,35,NORMAL,,
13:36:04,1430,RECOVERING...,36,NORMAL,,
13:36:04,1431,RECOVERING...,38,NORMAL,,
13:36:04,1432,RECOVERING...,39,NORMAL,,
13:36:04,1433,RECOVERING...,40,NORMAL,,
13:36:04,1434,RECOVERING...,42,NORMAL,,
13:36:04,1435,RECOVERING...,43,NORMAL,,
13:36:04,1436,RECOVERING...,45,NORMAL,,
13:36:04,1437,RECOVERING...,46,NORMAL,,
13:36:04,1438,RECOVERING...,47,NORMAL,,
13:36:04,1439,RECOVERING...,64,CHAOS_HIT,,[S&P 500] MACRO DROP DETECTED: -3.89%
13:36:04,1440,RECOVERING...,65,NORMAL,,
13:36:04,1441,RECOVERING...,67,NORMAL,,
13:36:04,1442,RECOVERING...,68,NORMAL,,
13:36:04,1443,RECOVERING...,69,NORMAL,,
13:36:04,1444,RECOVERING...,70,NORMAL,,
13:36:04,1445,RECOVERING...,72,NORMAL,,
13:36:04,1446,RECOVERING...,73,NORMAL,,
13:36:04,1447,RECOVERING...,74,NORMAL,,
13:36:04,1448,RECOVERING...,23,CHAOS_HIT,,[EARTH] ATMOSPHERIC SHEAR: 132 KNOTS
13:36:04,1449,RECOVERING...,24,NORMAL,,
13:36:04,1450,RECOVERING...,25,NORMAL,,
13:36:04,1451,RECOVERING...,26,NORMAL,,
13:36:04,1452,RECOVERING...,27,NORMAL,,
13:36:04,1453,RECOVERING...,28,NORMAL,,
13:36:04,1454,RECOVERING...,29,NORMAL,,
13:36:04,1455,RECOVERING...,30,NORMAL,,
13:36:04,1456,RECOVERING...,32,NORMAL,,
13:36:04,1457,RECOVERING...,33,NORMAL,,
13:36:04,1458,RECOVERING...,34,NORMAL,,
13:36:04,1459,RECOVERING...,36,NORMAL,,
13:36:04,1460,RECOVERING...,37,NORMAL,,
13:36:04,1461,RECOVERING...,38,NORMAL,,
13:36:05,1462,RECOVERING...,40,NORMAL,,
13:36:05,1463,RECOVERING...,41,NORMAL,,
13:36:05,1464,RECOVERING...,42,NORMAL,,
13:36:05,1465,RECOVERING...,44,NORMAL,,
13:36:05,1466,RECOVERING...,45,NORMAL,,
13:36:05,1467,RECOVERING...,47,NORMAL,,
13:36:05,1468,RECOVERING...,48,NORMAL,,
13:36:05,1469,RECOVERING...,49,NORMAL,,
13:36:05,1470,RECOVERING...,51,NORMAL,,
13:36:05,1471,RECOVERING...,52,NORMAL,,
13:36:05,1472,RECOVERING...,53,NORMAL,,
13:36:05,1473,RECOVERING...,55,NORMAL,,
13:36:05,1474,RECOVERING...,56,NORMAL,,
13:36:05,1475,RECOVERING...,57,NORMAL,,
13:36:05,1476,RECOVERING...,58,NORMAL,,
13:36:05,1477,RECOVERING...,60,NORMAL,,
13:36:05,1478,RECOVERING...,61,NORMAL,,
13:36:05,1479,RECOVERING...,62,NORMAL,,
13:36:05,1480,RECOVERING...,63,NORMAL,,
13:36:05,1481,RECOVERING...,64,NORMAL,,
13:36:05,1482,RECOVERING...,65,NORMAL,,
13:36:05,1483,RECOVERING...,66,NORMAL,,
13:36:05,1484,RECOVERING...,67,NORMAL,,
13:36:05,1485,RECOVERING...,68,NORMAL,,
13:36:05,1486,RECOVERING...,69,NORMAL,,
13:36:05,1487,RECOVERING...,71,NORMAL,,
13:36:05,1488,RECOVERING...,72,NORMAL,,
13:36:05,1489,RECOVERING...,73,NORMAL,,
13:36:05,1490,RECOVERING...,0,CHAOS_HIT,,[NOAA] CLASS-X SOLAR FLARE: 358 MeV
13:36:05,1491,RECOVERING...,0,NORMAL,,
13:36:05,1492,RECOVERING...,1,NORMAL,,
13:36:05,1493,RECOVERING...,2,NORMAL,,
13:36:06,1494,RECOVERING...,4,NORMAL,,
13:36:06,1495,RECOVERING...,5,NORMAL,,
13:36:06,1496,RECOVERING...,7,NORMAL,,
13:36:06,1497,RECOVERING...,8,NORMAL,,
13:36:06,1498,RECOVERING...,9,NORMAL,,
13:36:06,1499,RECOVERING...,11,NORMAL,,
13:36:06,1500,RECOVERING...,12,NORMAL,,
13:36:06,1501,RECOVERING...,14,NORMAL,,
13:36:06,1502,RECOVERING...,15,NORMAL,,
13:36:06,1503,RECOVERING...,16,NORMAL,,
13:36:06,1504,RECOVERING...,18,NORMAL,,
13:36:06,1505,RECOVERING...,19,NORMAL,,
13:36:06,1506,RECOVERING...,20,NORMAL,,
13:36:06,1507,RECOVERING...,21,NORMAL,,
13:36:06,1508,RECOVERING...,22,CHAOS_HIT,,[EARTH] ATMOSPHERIC SHEAR: 140 KNOTS
13:36:06,1509,RECOVERING...,24,NORMAL,,
13:36:06,1510,RECOVERING...,25,NORMAL,,
13:36:06,1511,RECOVERING...,26,NORMAL,,
13:36:06,1512,RECOVERING...,27,NORMAL,,
13:36:06,1513,RECOVERING...,28,NORMAL,,
13:36:06,1514,RECOVERING...,29,NORMAL,,
13:36:06,1515,RECOVERING...,30,NORMAL,,
13:36:06,1516,RECOVERING...,31,NORMAL,,
13:36:06,1517,RECOVERING...,32,NORMAL,,
13:36:06,1518,RECOVERING...,33,NORMAL,,
13:36:06,1519,RECOVERING...,35,NORMAL,,
13:36:06,1520,RECOVERING...,36,NORMAL,,
13:36:06,1521,RECOVERING...,37,NORMAL,,
13:36:06,1522,RECOVERING...,38,NORMAL,,
13:36:06,1523,RECOVERING...,40,NORMAL,,
13:36:06,1524,RECOVERING...,41,NORMAL,,
13:36:06,1525,RECOVERING...,43,NORMAL,,
13:36:06,1526,RECOVERING...,44,NORMAL,,
13:36:07,1527,RECOVERING...,45,NORMAL,,
13:36:07,1528,RECOVERING...,47,NORMAL,,
13:36:07,1529,RECOVERING...,48,NORMAL,,
13:36:07,1530,RECOVERING...,50,NORMAL,,
13:36:07,1531,RECOVERING...,51,NORMAL,,
13:36:07,1532,RECOVERING...,52,NORMAL,,
13:36:07,1533,RECOVERING...,54,NORMAL,,
13:36:07,1534,RECOVERING...,32,CHAOS_HIT,,[EARTH] ATMOSPHERIC SHEAR: 134 KNOTS
13:36:07,1535,RECOVERING...,33,NORMAL,,
13:36:07,1536,RECOVERING...,35,NORMAL,,
13:36:07,1537,RECOVERING...,36,NORMAL,,
13:36:07,1538,RECOVERING...,37,NORMAL,,
13:36:07,1539,RECOVERING...,38,NORMAL,,
13:36:07,1540,RECOVERING...,40,NORMAL,,
13:36:07,1541,RECOVERING...,41,NORMAL,,
13:36:07,1542,RECOVERING...,42,NORMAL,,
13:36:07,1543,RECOVERING...,43,NORMAL,,
13:36:07,1544,RECOVERING...,44,NORMAL,,
13:36:07,1545,RECOVERING...,45,NORMAL,,
13:36:07,1546,RECOVERING...,46,NORMAL,,
13:36:07,1547,RECOVERING...,47,NORMAL,,
13:36:07,1548,RECOVERING...,48,NORMAL,,
13:36:07,1549,RECOVERING...,49,NORMAL,,
13:36:07,1550,RECOVERING...,51,NORMAL,,
13:36:07,1551,RECOVERING...,52,NORMAL,,
13:36:07,1552,RECOVERING...,53,NORMAL,,
13:36:07,1553,RECOVERING...,55,NORMAL,,
13:36:07,1554,RECOVERING...,56,NORMAL,,
13:36:07,1555,RECOVERING...,57,NORMAL,,
13:36:07,1556,RECOVERING...,59,NORMAL,,
13:36:07,1557,RECOVERING...,60,NORMAL,,
13:36:07,1558,RECOVERING...,61,NORMAL,,
13:36:07,1559,RECOVERING...,63,NORMAL,,
13:36:07,1560,RECOVERING...,64,NORMAL,,
13:36:08,1561,RECOVERING...,66,NORMAL,,
13:36:08,1562,RECOVERING...,0,CHAOS_HIT,,[NOAA] CLASS-X SOLAR FLARE: 282 MeV
13:36:08,1563,RECOVERING...,0,NORMAL,,
13:36:08,1564,RECOVERING...,0,NORMAL,,
13:36:08,1565,RECOVERING...,0,NORMAL,,
13:36:08,1566,RECOVERING...,0,NORMAL,,
13:36:08,1567,RECOVERING...,0,NORMAL,,
13:36:08,1568,RECOVERING...,0,NORMAL,,
13:36:08,1569,RECOVERING...,0,NORMAL,,
13:36:08,1570,RECOVERING...,2,NORMAL,,
13:36:08,1571,RECOVERING...,3,NORMAL,,
13:36:08,1572,RECOVERING...,4,CHAOS_HIT,,[EARTH] ATMOSPHERIC SHEAR: 83 KNOTS
13:36:08,1573,RECOVERING...,5,NORMAL,,
13:36:08,1574,RECOVERING...,6,NORMAL,,
13:36:08,1575,RECOVERING...,7,NORMAL,,
13:36:08,1576,RECOVERING...,8,NORMAL,,
13:36:08,1577,RECOVERING...,9,NORMAL,,
13:36:08,1578,RECOVERING...,10,NORMAL,,
13:36:08,1579,RECOVERING...,11,NORMAL,,
13:36:08,1580,RECOVERING...,13,NORMAL,,
13:36:08,1581,RECOVERING...,14,NORMAL,,
13:36:08,1582,RECOVERING...,15,NORMAL,,
13:36:08,1583,RECOVERING...,16,NORMAL,,
13:36:08,1584,RECOVERING...,18,NORMAL,,
13:36:08,1585,RECOVERING...,19,NORMAL,,
13:36:08,1586,RECOVERING...,20,NORMAL,,
13:36:08,1587,RECOVERING...,22,NORMAL,,
13:36:08,1588,RECOVERING...,23,NORMAL,,
13:36:08,1589,RECOVERING...,24,NORMAL,,
13:36:08,1590,RECOVERING...,26,NORMAL,,
13:36:08,1591,RECOVERING...,27,NORMAL,,
13:36:08,1592,RECOVERING...,28,NORMAL,,
13:36:08,1593,RECOVERING...,30,NORMAL,,
13:36:08,1594,RECOVERING...,31,NORMAL,,
13:36:09,1595,RECOVERING...,33,NORMAL,,
13:36:09,1596,RECOVERING...,34,NORMAL,,
13:36:09,1597,RECOVERING...,35,NORMAL,,
13:36:09,1598,RECOVERING...,37,NORMAL,,
13:36:09,1599,RECOVERING...,38,NORMAL,,
13:36:09,1600,RECOVERING...,39,NORMAL,,
13:36:09,1601,RECOVERING...,40,NORMAL,,
13:36:09,1602,RECOVERING...,42,NORMAL,,
13:36:09,1603,RECOVERING...,43,NORMAL,,
13:36:09,1604,RECOVERING...,44,NORMAL,,
13:36:09,1605,RECOVERING...,45,NORMAL,,
13:36:09,1606,RECOVERING...,29,CHAOS_HIT,,[NOAA] CLASS-X SOLAR FLARE: 104 MeV
13:36:09,1607,RECOVERING...,30,NORMAL,,
13:36:09,1608,RECOVERING...,31,NORMAL,,
13:36:09,1609,RECOVERING...,0,CHAOS_HIT,,[EARTH] ATMOSPHERIC SHEAR: 88 KNOTS
13:36:09,1610,RECOVERING...,0,NORMAL,,
13:36:09,1611,RECOVERING...,0,NORMAL,,
13:36:09,1612,RECOVERING...,0,NORMAL,,
13:36:09,1613,RECOVERING...,0,NORMAL,,
13:36:09,1614,RECOVERING...,0,NORMAL,,
13:36:09,1615,RECOVERING...,1,NORMAL,,
13:36:09,1616,RECOVERING...,2,NORMAL,,
13:36:09,1617,RECOVERING...,3,NORMAL,,
13:36:09,1618,RECOVERING...,5,NORMAL,,
13:36:09,1619,RECOVERING...,6,NORMAL,,
13:36:09,1620,RECOVERING...,8,NORMAL,,
13:36:09,1621,RECOVERING...,9,NORMAL,,
13:36:09,1622,RECOVERING...,10,NORMAL,,
13:36:09,1623,RECOVERING...,12,NORMAL,,
13:36:09,1624,RECOVERING...,13,NORMAL,,
13:36:09,1625,RECOVERING...,15,NORMAL,,
13:36:09,1626,RECOVERING...,16,NORMAL,,
13:36:09,1627,RECOVERING...,8,CHAOS_HIT,,[EARTH] ATMOSPHERIC SHEAR: 98 KNOTS
13:36:10,1628,RECOVERING...,10,NORMAL,,
13:36:10,1629,RECOVERING...,11,NORMAL,,
13:36:10,1630,RECOVERING...,12,NORMAL,,
13:36:10,1631,RECOVERING...,14,NORMAL,,
13:36:10,1632,RECOVERING...,15,NORMAL,,
13:36:10,1633,RECOVERING...,16,NORMAL,,
13:36:10,1634,RECOVERING...,17,NORMAL,,
13:36:10,1635,RECOVERING...,18,NORMAL,,
13:36:10,1636,RECOVERING...,19,NORMAL,,
13:36:10,1637,RECOVERING...,21,NORMAL,,
13:36:10,1638,RECOVERING...,22,NORMAL,,
13:36:10,1639,RECOVERING...,23,NORMAL,,
13:36:10,1640,RECOVERING...,24,NORMAL,,
13:36:10,1641,RECOVERING...,25,NORMAL,,
13:36:10,1642,RECOVERING...,26,NORMAL,,
13:36:10,1643,RECOVERING...,27,NORMAL,,
13:36:10,1644,RECOVERING...,28,NORMAL,,
13:36:10,1645,RECOVERING...,29,NORMAL,,
13:36:10,1646,RECOVERING...,31,NORMAL,,
13:36:10,1647,RECOVERING...,32,NORMAL,,
13:36:10,1648,RECOVERING...,33,NORMAL,,
13:36:10,1649,RECOVERING...,35,NORMAL,,
13:36:10,1650,RECOVERING...,36,NORMAL,,
13:36:10,1651,RECOVERING...,37,NORMAL,,
13:36:10,1652,RECOVERING...,39,NORMAL,,
13:36:10,1653,RECOVERING...,40,NORMAL,,
13:36:10,1654,RECOVERING...,41,NORMAL,,
13:36:10,1655,RECOVERING...,43,NORMAL,,
13:36:10,1656,RECOVERING...,44,NORMAL,,
13:36:10,1657,RECOVERING...,46,NORMAL,,
13:36:10,1658,RECOVERING...,47,NORMAL,,
13:36:10,1659,RECOVERING...,48,NORMAL,,
13:36:10,1660,RECOVERING...,50,NORMAL,,
13:36:11,1661,RECOVERING...,51,NORMAL,,
13:36:11,1662,RECOVERING...,52,NORMAL,,
13:36:11,1663,RECOVERING...,45,CHAOS_HIT,,[S&P 500] MACRO DROP DETECTED: -3.01%
13:36:11,1664,RECOVERING...,46,NORMAL,,
13:36:11,1665,RECOVERING...,47,NORMAL,,
13:36:11,1666,RECOVERING...,48,NORMAL,,
13:36:11,1667,RECOVERING...,50,NORMAL,,
13:36:11,1668,RECOVERING...,51,NORMAL,,
13:36:11,1669,RECOVERING...,52,NORMAL,,
13:36:11,1670,RECOVERING...,53,NORMAL,,
13:36:11,1671,RECOVERING...,54,NORMAL,,
13:36:11,1672,RECOVERING...,55,NORMAL,,
13:36:11,1673,RECOVERING...,28,CHAOS_HIT,,[NOAA] CLASS-X SOLAR FLARE: 420 MeV
13:36:11,1674,RECOVERING...,29,NORMAL,,
13:36:11,1675,RECOVERING...,30,NORMAL,,
13:36:11,1676,RECOVERING...,32,NORMAL,,
13:36:11,1677,RECOVERING...,33,NORMAL,,
13:36:11,1678,RECOVERING...,34,NORMAL,,
13:36:11,1679,RECOVERING...,36,NORMAL,,
13:36:11,1680,RECOVERING...,37,NORMAL,,
13:36:11,1681,RECOVERING...,38,NORMAL,,
13:36:11,1682,RECOVERING...,40,NORMAL,,
13:36:11,1683,RECOVERING...,41,NORMAL,,
13:36:11,1684,RECOVERING...,42,NORMAL,,
13:36:11,1685,RECOVERING...,44,NORMAL,,
13:36:11,1686,RECOVERING...,45,NORMAL,,
13:36:11,1687,RECOVERING...,47,NORMAL,,
13:36:11,1688,RECOVERING...,48,NORMAL,,
13:36:11,1689,RECOVERING...,49,NORMAL,,
13:36:11,1690,RECOVERING...,51,NORMAL,,
13:36:11,1691,RECOVERING...,52,NORMAL,,
13:36:11,1692,RECOVERING...,53,NORMAL,,
13:36:11,1693,RECOVERING...,55,NORMAL,,
13:36:11,1694,RECOVERING...,56,NORMAL,,
13:36:12,1695,RECOVERING...,57,NORMAL,,
13:36:12,1696,RECOVERING...,58,NORMAL,,
13:36:12,1697,RECOVERING...,60,NORMAL,,
13:36:12,1698,RECOVERING...,61,NORMAL,,
13:36:12,1699,RECOVERING...,62,NORMAL,,
13:36:12,1700,RECOVERING...,63,NORMAL,,
13:36:12,1701,RECOVERING...,64,NORMAL,,
13:36:12,1702,RECOVERING...,65,NORMAL,,
13:36:12,1703,RECOVERING...,66,NORMAL,,
13:36:12,1704,RECOVERING...,67,NORMAL,,
13:36:12,1705,RECOVERING...,68,NORMAL,,
13:36:12,1706,RECOVERING...,69,NORMAL,,
13:36:12,1707,RECOVERING...,71,NORMAL,,
13:36:12,1708,RECOVERING...,72,NORMAL,,
13:36:12,1709,RECOVERING...,73,NORMAL,,
13:36:12,1710,RECOVERING...,74,NORMAL,,
13:36:12,1711,RECOVERING...,76,NORMAL,,
13:36:12,1712,RECOVERING...,77,NORMAL,,
13:36:12,1713,RECOVERING...,78,NORMAL,,
13:36:12,1714,RECOVERING...,80,NORMAL,,
13:36:12,1715,RECOVERING...,81,NORMAL,,
13:36:12,1716,RECOVERING...,83,NORMAL,,
13:36:12,1717,RECOVERING...,84,NORMAL,,
13:36:12,1718,RECOVERING...,85,NORMAL,,
13:36:12,1719,RECOVERING...,87,NORMAL,,
13:36:12,1720,RECOVERING...,88,NORMAL,,
13:36:12,1721,RECOVERING...,89,NORMAL,,
13:36:12,1722,RECOVERING...,91,NORMAL,,
13:36:12,1723,RECOVERING...,92,NORMAL,,
13:36:12,1724,RECOVERING...,94,NORMAL,,
13:36:12,1725,RECOVERING...,95,NORMAL,,
13:36:12,1726,RECOVERING...,96,NORMAL,,
13:36:12,1727,RECOVERING...,97,NORMAL,,
13:36:12,1728,OPTIMAL SYNC,99,NORMAL,55,
13:36:12,1729,OPTIMAL SYNC,99,NORMAL,,
13:36:12,1730,OPTIMAL SYNC,100,NORMAL,,
13:36:12,1731,OPTIMAL SYNC,100,NORMAL,,
13:36:12,1732,OPTIMAL SYNC,100,NORMAL,,
13:36:12,1733,OPTIMAL SYNC,100,NORMAL,,
13:36:12,1734,OPTIMAL SYNC,100,NORMAL,,
13:36:12,1735,OPTIMAL SYNC,100,NORMAL,,
13:36:12,1736,OPTIMAL SYNC,100,NORMAL,,
13:36:12,1737,OPTIMAL SYNC,100,NORMAL,,
13:36:13,1738,OPTIMAL SYNC,100,NORMAL,,
13:36:13,1739,OPTIMAL SYNC,100,NORMAL,,
13:36:13,1740,OPTIMAL SYNC,100,NORMAL,,
13:36:13,1741,OPTIMAL SYNC,100,NORMAL,,
13:36:13,1742,OPTIMAL SYNC,100,NORMAL,,
13:36:13,1743,RECOVERING...,56,CHAOS_HIT,,[S&P 500] MACRO DROP DETECTED: -1.37%
13:36:13,1744,RECOVERING...,57,NORMAL,,
13:36:13,1745,RECOVERING...,59,NORMAL,,
13:36:13,1746,RECOVERING...,60,NORMAL,,
13:36:13,1747,RECOVERING...,62,NORMAL,,
13:36:13,1748,RECOVERING...,63,NORMAL,,
13:36:13,1749,RECOVERING...,64,NORMAL,,
13:36:13,1750,RECOVERING...,32,CHAOS_HIT,,[EARTH] ATMOSPHERIC SHEAR: 92 KNOTS
13:36:13,1751,RECOVERING...,34,NORMAL,,
13:36:13,1752,RECOVERING...,35,NORMAL,,
13:36:13,1753,RECOVERING...,36,NORMAL,,
13:36:13,1754,RECOVERING...,38,NORMAL,,
13:36:13,1755,RECOVERING...,39,NORMAL,,
13:36:13,1756,RECOVERING...,40,NORMAL,,
13:36:13,1757,RECOVERING...,42,NORMAL,,
13:36:13,1758,RECOVERING...,43,NORMAL,,
13:36:13,1759,RECOVERING...,44,NORMAL,,
13:36:13,1760,RECOVERING...,45,NORMAL,,
13:36:13,1761,RECOVERING...,46,NORMAL,,
13:36:13,1762,RECOVERING...,48,NORMAL,,
13:36:13,1763,RECOVERING...,49,NORMAL,,
13:36:13,1764,RECOVERING...,50,NORMAL,,
13:36:13,1765,RECOVERING...,51,NORMAL,,
13:36:13,1766,RECOVERING...,52,NORMAL,,
13:36:13,1767,RECOVERING...,53,NORMAL,,
13:36:13,1768,RECOVERING...,54,NORMAL,,
13:36:13,1769,RECOVERING...,55,NORMAL,,
13:36:13,1770,RECOVERING...,56,NORMAL,,
13:36:13,1771,RECOVERING...,57,NORMAL,,
13:36:13,1772,RECOVERING...,59,NORMAL,,
13:36:13,1773,RECOVERING...,60,NORMAL,,
13:36:13,1774,RECOVERING...,61,NORMAL,,
13:36:13,1775,RECOVERING...,63,NORMAL,,
13:36:13,1776,RECOVERING...,64,NORMAL,,
13:36:13,1777,RECOVERING...,65,NORMAL,,
13:36:13,1778,RECOVERING...,67,NORMAL,,
13:36:13,1779,RECOVERING...,68,NORMAL,,
13:36:13,1780,RECOVERING...,70,NORMAL,,
13:36:14,1781,RECOVERING...,71,NORMAL,,
13:36:14,1782,RECOVERING...,72,NORMAL,,
13:36:14,1783,RECOVERING...,50,CHAOS_HIT,,[S&P 500] MACRO DROP DETECTED: -2.51%
13:36:14,1784,RECOVERING...,51,NORMAL,,
13:36:14,1785,RECOVERING...,53,NORMAL,,
13:36:14,1786,RECOVERING...,54,NORMAL,,
13:36:14,1787,RECOVERING...,55,NORMAL,,
13:36:14,1788,RECOVERING...,57,NORMAL,,
13:36:14,1789,RECOVERING...,42,CHAOS_HIT,,[EARTH] ATMOSPHERIC SHEAR: 113 KNOTS
13:36:14,1790,RECOVERING...,43,NORMAL,,
13:36:14,1791,RECOVERING...,44,NORMAL,,
13:36:14,1792,RECOVERING...,46,NORMAL,,
13:36:14,1793,RECOVERING...,47,NORMAL,,
13:36:14,1794,RECOVERING...,48,NORMAL,,
13:36:14,1795,RECOVERING...,49,NORMAL,,
13:36:14,1796,RECOVERING...,50,NORMAL,,
13:36:14,1797,RECOVERING...,51,NORMAL,,
13:36:14,1798,RECOVERING...,52,NORMAL,,
13:36:14,1799,RECOVERING...,53,NORMAL,,
13:36:14,1800,RECOVERING...,54,NORMAL,,
13:36:14,1801,RECOVERING...,55,NORMAL,,
13:36:14,1802,RECOVERING...,57,NORMAL,,
13:36:14,1803,RECOVERING...,58,NORMAL,,
13:36:14,1804,RECOVERING...,59,NORMAL,,
13:36:14,1805,RECOVERING...,60,NORMAL,,
13:36:14,1806,RECOVERING...,28,CHAOS_HIT,,[EARTH] ATMOSPHERIC SHEAR: 106 KNOTS
13:36:14,1807,RECOVERING...,29,NORMAL,,
13:36:14,1808,RECOVERING...,31,NORMAL,,
13:36:14,1809,RECOVERING...,32,NORMAL,,
13:36:14,1810,RECOVERING...,33,NORMAL,,
13:36:14,1811,RECOVERING...,35,NORMAL,,
13:36:14,1812,RECOVERING...,36,NORMAL,,
13:36:14,1813,RECOVERING...,38,NORMAL,,
13:36:14,1814,RECOVERING...,39,CHAOS_HIT,,[S&P 500] MACRO DROP DETECTED: -2.12%
13:36:15,1815,RECOVERING...,40,NORMAL,,
13:36:15,1816,RECOVERING...,42,NORMAL,,
13:36:15,1817,RECOVERING...,43,NORMAL,,
13:36:15,1818,RECOVERING...,44,NORMAL,,
13:36:15,1819,RECOVERING...,46,NORMAL,,
13:36:15,1820,RECOVERING...,47,NORMAL,,
13:36:15,1821,RECOVERING...,48,NORMAL,,
13:36:15,1822,RECOVERING...,50,NORMAL,,
13:36:15,1823,RECOVERING...,51,NORMAL,,
13:36:15,1824,RECOVERING...,52,NORMAL,,
13:36:15,1825,RECOVERING...,53,NORMAL,,
13:36:15,1826,RECOVERING...,54,NORMAL,,
13:36:15,1827,RECOVERING...,55,NORMAL,,
13:36:15,1828,RECOVERING...,56,NORMAL,,
13:36:15,1829,RECOVERING...,57,NORMAL,,
13:36:15,1830,RECOVERING...,58,NORMAL,,
13:36:15,1831,RECOVERING...,59,NORMAL,,
13:36:15,1832,RECOVERING...,60,NORMAL,,
13:36:15,1833,RECOVERING...,11,CHAOS_HIT,,[NOAA] CLASS-X SOLAR FLARE: 265 MeV
13:36:15,1834,RECOVERING...,12,NORMAL,,
13:36:15,1835,RECOVERING...,14,NORMAL,,
13:36:15,1836,RECOVERING...,15,NORMAL,,
13:36:15,1837,RECOVERING...,16,NORMAL,,
13:36:15,1838,RECOVERING...,18,NORMAL,,
13:36:15,1839,RECOVERING...,19,NORMAL,,
13:36:15,1840,RECOVERING...,14,CHAOS_HIT,,[S&P 500] MACRO DROP DETECTED: -3.75%
13:36:15,1841,RECOVERING...,16,NORMAL,,
13:36:15,1842,RECOVERING...,17,NORMAL,,
13:36:15,1843,RECOVERING...,18,NORMAL,,
13:36:15,1844,RECOVERING...,20,NORMAL,,
13:36:15,1845,RECOVERING...,21,NORMAL,,
13:36:15,1846,RECOVERING...,23,NORMAL,,
13:36:15,1847,RECOVERING...,24,NORMAL,,
13:36:15,1848,RECOVERING...,25,NORMAL,,
13:36:15,1849,RECOVERING...,27,NORMAL,,
13:36:15,1850,RECOVERING...,28,NORMAL,,
13:36:15,1851,RECOVERING...,29,NORMAL,,
13:36:15,1852,RECOVERING...,31,NORMAL,,
13:36:15,1853,RECOVERING...,32,NORMAL,,
13:36:15,1854,RECOVERING...,33,NORMAL,,
13:36:15,1855,RECOVERING...,34,NORMAL,,
13:36:15,1856,RECOVERING...,35,NORMAL,,
13:36:15,1857,RECOVERING...,36,NORMAL,,
13:36:15,1858,RECOVERING...,38,NORMAL,,
13:36:15,1859,RECOVERING...,39,NORMAL,,
13:36:15,1860,RECOVERING...,40,NORMAL,,
13:36:15,1861,RECOVERING...,41,NORMAL,,
13:36:16,1862,RECOVERING...,42,NORMAL,,
13:36:16,1863,RECOVERING...,43,NORMAL,,
13:36:16,1864,RECOVERING...,44,NORMAL,,
13:36:16,1865,RECOVERING...,45,NORMAL,,
13:36:16,1866,RECOVERING...,0,CHAOS_HIT,,[S&P 500] MACRO DROP DETECTED: -1.89%
13:36:16,1867,RECOVERING...,0,NORMAL,,
13:36:16,1868,RECOVERING...,0,NORMAL,,
13:36:16,1869,RECOVERING...,0,NORMAL,,
13:36:16,1870,RECOVERING...,0,NORMAL,,
13:36:16,1871,RECOVERING...,0,NORMAL,,
13:36:16,1872,RECOVERING...,0,NORMAL,,
13:36:16,1873,RECOVERING...,0,NORMAL,,
13:36:16,1874,RECOVERING...,0,NORMAL,,
13:36:16,1875,RECOVERING...,0,NORMAL,,
